time_window,src,dst,value_mean_mean,value_mean_std,value_mean_min,value_mean_max,value_std_mean,value_std_max,value_range_mean,value_range_max,value_changes_sum,value_change_rate_mean,read_count_sum,read_rate_mean,inter_read_mean_mean,inter_read_std_mean,outlier_count_sum,max_z_score_max,unique_values_mean,entropy_mean,registers_accessed,value_mean_mean_rolling_mean,value_mean_mean_rolling_std,value_mean_mean_deviation,read_count_sum_rolling_mean,read_count_sum_rolling_std,read_count_sum_deviation,value_change_rate_mean_rolling_mean,value_change_rate_mean_rolling_std,value_change_rate_mean_deviation,anomaly,anomaly_score
5875238,192.168.0.11,192.168.0.12,12328.47907851434,5321.212581974698,7445.600846262341,18000.0,6934.232222679253,14507.732148079684,27933.33333333333,65000,1396,0.3281617301363422,4254,4.726666666666667,0.1999971666944024,0.0009457851748707,42,3.684942833336679,61.0,1.1657799201850876,3,12328.47907851434,0.0,0.0,4254.0,0.0,0.0,0.3281617301363422,0.0,0.0,0,-0.5873647713121468
5875239,192.168.0.11,192.168.0.12,12478.192444444445,5244.986505256291,7562.732,18000.0,6988.9002465195945,14665.394334785033,27888.666666666668,65000,1480,0.3288888888888888,4500,5.0,0.1999996371181217,0.0010916558219884,47,3.622688449435597,60.66666666666666,1.1763943713933376,3,12403.335761479391,105.8633362834392,0.0121427162475175,4377.0,173.9482681718907,0.0578143360752056,0.3285253095126155,0.0005141788849248,0.0005474926253687,0,-0.5279249344356295
5875240,192.168.0.11,192.168.0.12,12446.891333333331,5212.72387937989,7659.186,18000.0,6979.931322821685,14600.186386545072,27933.33333333333,65000,1486,0.3302222222222222,4500,5.0,0.1999998468543679,0.0007562525275355,45,3.651906255490288,61.0,1.1573564302602664,3,12417.854285430709,78.96762373089891,0.003511318356054,4418.0,142.02816622064793,0.0280950205573321,0.3290909470824844,0.0010450012173164,0.0012772904644392,0,-0.5183487932779538
5875241,192.168.0.11,192.168.0.12,12151.194888888887,5342.6709264959445,7527.456666666667,18000.0,7277.898927552666,15480.443331279284,27888.666666666668,65000,1489,0.3308888888888888,4500,5.0,0.1999999486474903,0.0005582777369293,55,3.4930441486289374,60.66666666666666,1.1336861153909936,3,12351.189436295252,148.10153782506234,-0.0214721415046034,4438.5,123.0,0.0185562344421814,0.3295404325340855,0.0012394220619302,0.0013527605543857,0,-0.5311860775110286
5875242,192.168.0.11,192.168.0.12,12310.118,5321.359439659799,7456.247333333334,18000.0,7127.113184676585,15051.894217338746,27888.666666666668,65000,1485,0.33,4500,5.0,0.1999999782311166,0.0007219542100281,46,3.556090187514014,60.66666666666666,1.1640785534159088,3,12342.9751490362,129.5682125580277,-0.0033250329026341,4450.8,110.01454449298964,0.0138529113638923,0.3296323460272684,0.0010928704117345,0.0003456588868369,0,-0.47617378557839
5875243,192.168.0.11,192.168.0.12,12617.457111111107,5228.480896490612,7558.024666666666,18000.0,6923.03408015329,14456.257803911618,27888.666666666668,65000,1474,0.3275555555555555,4500,5.0,0.2000000853789814,0.0008480512843788,45,3.645871154527018,60.66666666666666,1.1862190655839857,3,12400.770755555555,177.18651020968372,0.0222361077984136,4500.0,0.0,0.0110517094209083,0.3295111111111111,0.0013090379088909,-0.001561928361564,0,-0.47142166422493514
5875244,192.168.0.11,192.168.0.12,12286.922888888888,5276.136347197185,7597.851333333333,18000.0,7157.12701412431,15168.466909167171,27888.666666666668,65000,1485,0.33,4500,5.0,0.1999999777539613,0.0010441151484165,52,3.542683844380317,60.66666666666666,1.1319868574617056,3,12362.516844444444,176.939712797046,-0.0091799686440476,4500.0,0.0,0.0,0.3297333333333333,0.0012707536404885,0.0003677207996256,0,-0.4703006537099591
5875245,192.168.0.11,192.168.0.12,12410.994,5243.719945316302,7599.35,18000.0,7078.7459608634745,14906.174961826258,27888.666666666668,65000,1475,0.3277777777777778,4500,5.0,0.1999999742018055,0.0007620016338866,51,3.580151724576401,60.66666666666666,1.161667011822338,3,12355.337377777778,173.35217361358048,0.0039209843093583,4500.0,0.0,0.0,0.3292444444444444,0.0014873956027272,-0.0014706373876132,0,-0.4569256462833945
5875246,192.168.0.11,192.168.0.12,12399.265111111112,5239.477397080163,7617.496666666667,18000.0,7071.135999585485,14836.959658236305,27888.666666666668,65000,1477,0.3282222222222222,4500,5.0,0.2000001572703742,0.0007636584321795,44,3.6004479731855645,60.66666666666666,1.178725328086598,3,12404.951422222222,130.52933323738856,0.0035550772037299,4500.0,0.0,0.0,0.328711111111111,0.0012008227632094,-0.0007690250100307,0,-0.44547851449607356
5875247,192.168.0.11,192.168.0.12,12832.510888888888,5258.760761565211,7486.999333333333,18000.0,6925.910797170683,14426.95177130483,27888.666666666668,65000,1472,0.3271111111111111,4500,5.0,0.2000000004453449,0.0008926277633768,52,3.603634883320949,60.66666666666666,1.1825124661219406,3,12509.429999999998,216.44080070261603,0.0344640610071064,4500.0,0.0,0.0,0.3281333333333333,0.0011177578968852,-0.0012041744715011,0,-0.48380293574636357
5875248,192.168.0.11,192.168.0.12,12535.203555555556,5275.643939488854,7471.621333333333,18000.0,6964.931459841225,14566.472935153275,27888.666666666668,65000,1483,0.3295555555555555,4500,5.0,0.2000002495203915,0.0007538520365321,51,3.629293851599161,60.66666666666666,1.17229819324468,3,12492.979288888888,209.18160219401204,0.0020601654423994,4500.0,0.0,0.0,0.3285333333333333,0.0012130972501294,0.0010708429541879,0,-0.44626303124953914
5875249,192.168.0.11,192.168.0.12,12330.813111111112,5291.978216487976,7521.308666666667,18000.0,6923.670784307781,14471.27372754703,27888.666666666668,65000,1479,0.3286666666666666,4500,5.0,0.2000003135652311,0.0008301271999522,49,3.698974280870564,60.66666666666666,1.149792670887085,3,12501.757333333331,199.04844240697133,-0.0129795459099241,4500.0,0.0,0.0,0.3282666666666666,0.0009216196157034,0.0001003613006824,0,-0.45636280786067995
5875250,192.168.0.11,192.168.0.12,12298.65111111111,5267.0778094886455,7614.108,18000.0,7049.221767888374,14838.830082458597,27888.666666666668,65000,1482,0.3293333333333333,4500,5.0,0.1999997366315024,0.0006097643308687,44,3.6201071354370655,60.66666666666666,1.163893610358298,3,12479.288755555555,217.35403124245855,-0.0162449143662674,4500.0,0.0,0.0,0.3285777777777777,0.0009762614505105,0.000803051596065,0,-0.44150509417343514
5875251,192.168.0.11,192.168.0.12,12328.983555555556,5252.094133247353,7632.246666666667,18000.0,7091.579046427833,14933.59919520578,27933.33333333333,65000,1478,0.3284444444444444,4500,5.0,0.1999997489315047,0.0006589570477462,49,3.59225497451611,61.0,1.1667157918210396,3,12465.232444444444,225.9264646162544,-0.0120434072435297,4500.0,0.0,0.0,0.3286222222222222,0.000960966591575,-0.0001003579433312,0,-0.46704959575117305
5875252,192.168.0.11,192.168.0.12,12496.853555555555,5233.441259485019,7583.003333333333,18000.0,7054.112827886128,14791.54548053424,27888.666666666668,65000,1475,0.3277777777777778,4500,5.0,0.1999994811413684,0.0006410601571653,47,3.589377643664569,60.66666666666666,1.174491865784688,3,12398.100977777778,109.25239069041244,0.0025365411123234,4500.0,0.0,0.0,0.3287555555555555,0.0007131914015946,-0.0006355790459624,0,-0.4511610961063967
5875253,192.168.0.11,192.168.0.12,12269.00422222222,5328.306242129871,7465.05,18000.0,7165.399010812808,15154.580233269618,27888.666666666668,65000,1479,0.3286666666666666,4500,5.0,0.2000002966527279,0.0010508582442359,49,3.540714193587125,60.66666666666666,1.150933637832531,3,12344.861111111111,88.65773786664158,-0.0104117835468015,4500.0,0.0,0.0,0.3285777777777777,0.0005577733510226,-6.689634411477284e-05,0,-0.4800313319933503
5875254,192.168.0.11,192.168.0.12,12824.267333333337,5233.605769729615,7534.647333333333,18000.0,6787.611346689192,14029.780861679375,27933.33333333333,65000,1474,0.3275555555555555,4500,5.0,0.1999998752716145,0.0008699113168818,46,3.710809587327416,61.0,1.1779190418999,3,12443.551955555557,230.4204546313731,0.0388313312378643,4500.0,0.0,0.0,0.3283555555555555,0.0007131914015946,-0.0007694108988726,0,-0.5212893880169963
5875255,192.168.0.11,192.168.0.12,12423.187555555554,5261.884850864811,7546.288,18000.0,7023.223084317688,14781.103422835464,27888.666666666668,65000,1479,0.3286666666666666,4500,5.0,0.200000074298376,0.0008935460844697,47,3.604380796593389,60.66666666666666,1.1709056590826392,3,12468.459244444444,217.19284778612527,-0.001636410862579,4500.0,0.0,0.0,0.3282222222222222,0.0005211573066469,0.0002342077087794,0,-0.4362419351300157
5875256,192.168.0.11,192.168.0.12,12740.654444444444,5205.620897734479,7590.475333333334,18000.0,6830.149627547819,14169.05776116356,27888.666666666668,65000,1477,0.3282222222222222,4500,5.0,0.2000000405263869,0.0005852716166025,50,3.695977028186208,60.66666666666666,1.1818220098568126,3,12550.79342222222,228.8193105258386,0.0218289498096136,4500.0,0.0,0.0,0.3281777777777778,0.0005067446333772,-4.179357211655684e-17,0,-0.4952449125240598
5875257,192.168.0.11,192.168.0.12,12091.542666666666,5322.433639848766,7672.425333333334,18000.0,7306.074785250508,15556.143167301876,27888.666666666668,65000,1491,0.3313333333333333,4500,5.0,0.2000000811906186,0.0004920385896471,54,3.4968691625426493,60.66666666666666,1.107608169150762,3,12469.731244444443,310.0723590591537,-0.0365884571317496,4500.0,0.0,0.0,0.3288888888888889,0.0014401645996461,0.0023758532994244,0,-0.5576476320315055
5875258,192.168.0.11,192.168.0.12,12422.792888888893,5273.170672724558,7518.202666666667,18000.0,7230.286262665269,15329.564237545175,27933.33333333333,65000,1485,0.33,4500,5.0,0.1999997800526312,0.0004794882611605,55,3.4736684729828675,61.0,1.155788760327737,3,12500.488977777775,292.30170730901887,-0.0037638815748244,4500.0,0.0,0.0,0.3291555555555555,0.0015104573749303,0.0008361204013377,0,-0.5350827622736144
5875259,192.168.0.11,192.168.0.12,12428.53311111111,5279.272700867983,7500.420666666667,18000.0,6976.078757186483,14587.390436312162,27933.33333333333,65000,1481,0.3291111111111111,4500,5.0,0.2000000115259504,0.0004688135985879,46,3.648001440834717,61.0,1.1726564969119109,3,12421.342133333334,229.5567798372539,-0.0057557837146097,4500.0,0.0,0.0,0.3294666666666667,0.0012332832822677,-3.343810606564092e-05,0,-0.4792368485412008
5875260,192.168.0.11,192.168.0.12,12137.271777777778,5343.040820219484,7541.756666666667,18000.0,7115.046726675973,15028.86225569182,27888.666666666668,65000,1477,0.3282222222222222,4500,5.0,0.1999996678151102,0.0006226540490951,51,3.6017324803965907,60.66666666666666,1.102158259458709,3,12364.15897777778,262.2633483746956,-0.0228676969694224,4500.0,0.0,0.0,0.3293777777777777,0.0013184352865948,-0.0009360478721625,0,-0.4733443543979321
5875261,192.168.0.11,192.168.0.12,12080.356,5348.882188694009,7594.46,18000.0,7154.903919783556,15173.92781718045,27888.666666666668,65000,1484,0.3297777777777778,4500,5.0,0.2000004285066319,0.0007710429411426,50,3.58202521135478,60.66666666666666,1.1458510558097672,3,12232.09928888889,177.9920940875371,-0.0229518260369979,4500.0,0.0,0.0,0.3296888888888888,0.0011504159204929,0.0003008926481896,0,-0.4646449318747764
5875262,192.168.0.11,192.168.0.12,12592.317555555555,5189.238182931729,7653.320666666666,18000.0,6923.575798201758,14416.945791876637,27933.33333333333,65000,1484,0.3297777777777778,4500,5.0,0.2000000980501045,0.0006032012928974,44,3.667653937224765,61.0,1.1829352704591976,3,12332.254266666669,215.96914128651733,0.0294461982331693,4500.0,0.0,0.0,0.3293777777777778,0.0007269078770576,6.684938832811727e-05,0,-0.4952082769355544
5875263,192.168.0.11,192.168.0.12,12121.371111111112,5345.042635333514,7553.937333333333,18000.0,7234.150421500967,15339.03466553086,27888.666666666668,65000,1476,0.328,4500,5.0,0.1999999634923207,0.0010752373540701,46,3.5328053673573057,60.66666666666666,1.132622472980792,3,12271.96991111111,226.20462280398476,-0.0170987438510461,4500.0,0.0,0.0,0.3289777777777778,0.0008403409067195,-0.0010364080104309,0,-0.48587981635894073
5875264,192.168.0.11,192.168.0.12,12021.68911111111,5417.005246491432,7439.174,18000.0,7117.648492281739,15026.7193548677,27888.666666666668,65000,1485,0.33,4500,5.0,0.1999999995970689,0.0007897426076264,47,3.618494854329892,60.66666666666666,1.126572449251625,3,12190.601111111111,228.9640586963244,-0.0203928471928715,4500.0,0.0,0.0,0.3291555555555555,0.0009609665915751,0.000769179319109,0,-0.4667245433502993
5875265,192.168.0.11,192.168.0.12,11801.162000000002,5504.676274885119,7484.259333333333,18000.0,7113.283570281105,15068.83124932462,27888.666666666668,65000,1486,0.3302222222222222,4500,5.0,0.199999977276806,0.0007334304279166,42,3.65527839673344,60.66666666666666,1.1261293994938444,3,12123.379155555554,289.7943269046367,-0.03194322940538,4500.0,0.0,0.0,0.3295555555555555,0.0008888888888889,0.0008025145455761,0,-0.5047417953327417
5875266,192.168.0.11,192.168.0.12,12704.995333333334,5202.862789356004,7599.45,18000.0,6918.88732290686,14446.805980863175,27888.666666666668,65000,1479,0.3286666666666666,4500,5.0,0.2000001383432155,0.0007361577974748,45,3.632945861243662,60.66666666666666,1.1812807943573371,3,12248.307022222223,385.45899088420975,0.0479708008398331,4500.0,0.0,0.0,0.3293333333333333,0.0009558139185603,-0.000668560922614,0,-0.5038765982978518
5875267,192.168.0.11,192.168.0.12,12165.50045745654,5348.498656078496,7494.569075937786,18000.0,7036.476315338526,14763.619044183712,27888.666666666668,65000,1080,0.3293687099725526,3279,3.643333333333333,0.1999995772509638,0.0007189514493495,32,3.6575088762659296,60.66666666666666,1.1153383102896652,3,12162.94360260242,334.06348486925845,-0.0067601019890723,4255.8,546.0478001054487,-0.2712730504332371,0.3292515197722883,0.0009252802732422,2.6612316363497216e-05,0,-0.630799315779634
5875238,192.168.0.12,192.168.0.11,0.7595204513399154,0.0,0.7595204513399154,0.7595204513399154,0.4273747013293212,0.4273747013293212,1.0,1,31,0.0218617771509167,1418,4.726666666666667,0.1999984043285555,0.0003886514177265,0,1.7771727521650902,2.0,0.5516320636966499,1,0.7595204513399154,0.0,0.0,1418.0,0.0,0.0,0.0218617771509167,0.0,0.0,0,-0.6261080645876491
5875239,192.168.0.12,192.168.0.11,0.7573333333333333,0.0,0.7573333333333333,0.7573333333333333,0.4286951779009831,0.4286951779009831,1.0,1,32,0.0213333333333333,1500,5.0,0.2000002054630557,0.0004121366727469,0,1.766596886964213,2.0,0.5541342958215685,1,0.7584268923366244,0.0015465259737094,-0.0012430193720775,1459.0,57.982756057296896,0.0577871740662438,0.021597555242125,0.0003736662068893,-0.0005171382562686,0,-0.5195228122253263
5875240,192.168.0.12,192.168.0.11,0.7588274483677548,0.0,0.7588274483677548,0.7588274483677548,0.4277947544926623,0.4277947544926623,1.0,1,32,0.0213191205862758,1501,5.003333333333333,0.1999999113082885,0.0004059982257626,0,1.773807805240317,2.0,0.5524277394632623,1,0.7585604110136678,0.0011177446063557,0.0002277922573159,1473.0,47.63402145525821,0.0287671232876712,0.0215047436901753,0.0003092816994448,-0.0002725482793302,0,-0.533733072140519
5875241,192.168.0.12,192.168.0.11,0.7513333333333333,0.0,0.7513333333333333,0.7513333333333333,0.4322401595820957,0.4322401595820957,1.0,1,33,0.022,1500,5.0,0.1999998739992005,0.0004157466407102,0,1.7382271833153184,2.0,0.5608655816569874,1,0.7567536415935843,0.0037270048232804,-0.0041096556223329,1479.75,41.16936563352254,0.0183175033921302,0.0216285577676314,0.000353680387044,0.000484830161469,0,-0.5111586381932166
5875242,192.168.0.12,192.168.0.11,0.7538358905937291,0.0,0.7538358905937291,0.7538358905937291,0.4307752785925492,0.4307752785925492,1.0,1,33,0.0220146764509673,1499,4.996666666666667,0.1999996922840582,0.000415005286312,0,1.7499475436685934,2.0,0.5580816153948118,1,0.7561700913936132,0.0034814620339733,-0.0016608765912153,1483.6,36.67833147786306,0.0130001688333614,0.0217057815042986,0.0003516175332074,0.000377944293354,0,-0.5193697737714614
5875243,192.168.0.12,192.168.0.11,0.758,0.0,0.758,0.758,0.4282942913464992,0.4282942913464992,1.0,1,32,0.0213333333333333,1500,5.0,0.2000002041906416,0.0004213151426933,0,1.7698069890447692,2.0,0.5533743427353012,1,0.7558660011256302,0.0031679492916761,0.0010419882535037,1500.0,0.7071067811881553,0.0110467465984104,0.0216000927407819,0.0003718440477064,-0.0003645356400126,0,-0.4463278788187945
5875244,192.168.0.12,192.168.0.11,0.758,0.0,0.758,0.758,0.4282942913464992,0.4282942913464992,1.0,1,32,0.0213333333333333,1500,5.0,0.19999993380266,0.0003929715472993,0,1.7698069890447692,2.0,0.5533743427353012,1,0.7559993344589635,0.0032578984544367,0.0012153540606183,1500.0,0.7071067811881553,0.0,0.0216000927407819,0.0003718440477064,-0.0002611192083322,0,-0.43123379489820385
5875245,192.168.0.12,192.168.0.11,0.7566666666666667,0.0,0.7566666666666667,0.7566666666666667,0.4290946541524634,0.4290946541524634,1.0,1,32,0.0213333333333333,1500,5.0,0.2000005302467371,0.0004020505451129,0,1.7633985787183315,2.0,0.5548918305491645,1,0.7555671781187459,0.0029141430061028,0.0003800298750732,1499.8,0.4472135955025032,0.0,0.0216029352901934,0.0003692041483642,-0.0002611192083322,0,-0.4354162136186156
5875246,192.168.0.12,192.168.0.11,0.7526666666666667,0.0,0.7526666666666667,0.7526666666666667,0.4314621136966206,0.4314621136966206,1.0,1,33,0.022,1500,5.0,0.1999999266453311,0.000405302266022,0,1.744451942178996,2.0,0.5593865034554169,1,0.7558338447854125,0.0024546327271708,-0.001652179129475,1499.8,0.4472135955025032,0.0001332622601279,0.0216029352901934,0.0003692041483642,0.0003886683329602,0,-0.4686677663369735
5875247,192.168.0.12,192.168.0.11,0.746,0.0,0.746,0.746,0.4352975993501457,0.4352975993501457,1.0,1,32,0.0213333333333333,1500,5.0,0.1999999926518089,0.0004124732075184,0,1.7137661391828467,2.0,0.5666870772074231,1,0.7542666666666666,0.0051120772033815,-0.0056006693427272,1500.0,0.0,0.0001332622601279,0.0214666666666666,0.0002981423969999,-0.0002639009223123,0,-0.5525994153351704
5875248,192.168.0.12,192.168.0.11,0.7546666666666667,0.0,0.7546666666666667,0.7546666666666667,0.4302846602993056,0.4302846602993056,1.0,1,33,0.022,1500,5.0,0.1999996705720073,0.0004132592543927,0,1.7538736153599042,2.0,0.5571499694462829,1,0.7535999999999999,0.0047046076705006,0.0002280155050543,1500.0,0.0,0.0,0.0216,0.0003651483716701,0.0005221250489492,0,-0.4652968659220516
5875249,192.168.0.12,192.168.0.11,0.7573333333333333,0.0,0.7573333333333333,0.7573333333333333,0.4286951779009831,0.4286951779009831,1.0,1,32,0.0213333333333333,1500,5.0,0.2000001540893392,0.0003984164830538,0,1.766596886964213,2.0,0.5541342958215685,1,0.7534666666666666,0.0045558265502053,0.0021289537712895,1500.0,0.0,0.0,0.0216,0.0003651483716701,-0.0002610284521012,0,-0.4325117958046942
5875250,192.168.0.12,192.168.0.11,0.758,0.0,0.758,0.758,0.4282942913464993,0.4282942913464993,1.0,1,32,0.0213333333333333,1500,5.0,0.2000001528169251,0.0004114230142143,0,1.769806989044769,2.0,0.5533743427353012,1,0.7537333333333333,0.0048212492618038,0.0025853547258763,1500.0,0.0,0.0,0.0215999999999999,0.0003651483716701,-0.0002610284521012,0,-0.4371947989911466
5875251,192.168.0.12,192.168.0.11,0.7573333333333333,0.0,0.7573333333333333,0.7573333333333333,0.4286951779009831,0.4286951779009831,1.0,1,32,0.0213333333333333,1500,5.0,0.1999998865642891,0.0004096885245075,0,1.766596886964213,2.0,0.5541342958215685,1,0.7546666666666667,0.0050110987927909,0.0020527636280696,1500.0,0.0,0.0,0.0214666666666666,0.0002981423969999,-0.0002610284521012,0,-0.4500965447844471
5875252,192.168.0.12,192.168.0.11,0.752,0.0,0.752,0.752,0.4318518264405048,0.4318518264405048,1.0,1,33,0.022,1500,5.0,0.1999998798841154,0.0003967579666578,0,1.7413339775920187,2.0,0.560127234122942,1,0.7558666666666667,0.0025121924908556,-0.0015197568389057,1500.0,0.0,0.0,0.0215999999999999,0.0003651483716701,0.0005221250489492,0,-0.46376624183193615
5875253,192.168.0.12,192.168.0.11,0.75,0.0,0.75,0.75,0.4330127018922193,0.4330127018922193,1.0,1,33,0.022,1500,5.0,0.2000001060557095,0.0003726136505486,0,1.732046807578115,2.0,0.5623351444188083,1,0.7549333333333333,0.0036696957185394,-0.0033411800440428,1500.0,0.0,0.0,0.0216,0.0003651483716701,0.0003915426781519,0,-0.4871384640417842
5875254,192.168.0.12,192.168.0.11,0.7553333333333333,0.0,0.7553333333333333,0.7553333333333333,0.4298893914588831,0.4298893914588831,1.0,1,32,0.0213333333333333,1500,5.0,0.1999994876624903,0.0004007299461347,0,1.7570370223210194,2.0,0.5563996629031291,1,0.7545333333333334,0.003444802848737,0.0002279288861874,1500.0,0.0,0.0,0.0216,0.0003651483716701,-0.0002610284521012,0,-0.4410624893036651
5875255,192.168.0.12,192.168.0.11,0.758,0.0,0.758,0.758,0.4282942913464992,0.4282942913464992,1.0,1,32,0.0213333333333333,1500,5.0,0.1999997998810832,0.0003931566539842,0,1.7698069890447692,2.0,0.5533743427353012,1,0.7545333333333334,0.003444802848737,0.0019758340299414,1500.0,0.0,0.0,0.0216,0.0003651483716701,-0.0002610284521012,0,-0.4253900080553808
5875256,192.168.0.12,192.168.0.11,0.7553333333333333,0.0,0.7553333333333333,0.7553333333333333,0.4298893914588832,0.4298893914588832,1.0,1,32,0.0213333333333333,1500,5.0,0.1999995536689681,0.0004217411030191,0,1.757037022321019,2.0,0.5563996629031291,1,0.7541333333333333,0.0031411250638372,0.0004559616992172,1500.0,0.0,0.0,0.0215999999999999,0.0003651483716701,-0.0002610284521012,0,-0.43937087946308573
5875257,192.168.0.12,192.168.0.11,0.7586666666666667,0.0,0.7586666666666667,0.7586666666666667,0.4278919905251273,0.4278919905251273,1.0,1,33,0.022,1500,5.0,0.199999617130618,0.000412486080958,0,1.773028966274023,2.0,0.5526119667610271,1,0.7554666666666666,0.0034123957045519,0.0025843721495895,1500.0,0.0,0.0,0.0216,0.0003651483716701,0.0003915426781519,0,-0.4742474877335356
5875258,192.168.0.12,192.168.0.11,0.7466666666666667,0.0,0.7466666666666667,0.7466666666666667,0.434920171474669,0.434920171474669,1.0,1,32,0.0213333333333333,1500,5.0,0.2000002994626422,0.0004222419618504,0,1.7167862031985597,2.0,0.565967642865234,1,0.7548,0.0047935141365993,-0.0050129120461795,1500.0,0.0,0.0,0.0214666666666666,0.0002981423969999,-0.0002610284521012,0,-0.5498611419224724
5875259,192.168.0.12,192.168.0.11,0.754,0.0,0.754,0.754,0.4306785344082057,0.4306785344082057,1.0,1,33,0.022,1500,5.0,0.1999998760668733,0.0004129150512076,0,1.7507216845956406,2.0,0.557897875464777,1,0.7545333333333334,0.0047935141365993,-0.0004558924093913,1500.0,0.0,0.0,0.0216,0.0003651483716701,0.0005221250489492,0,-0.4447059533524968
5875260,192.168.0.12,192.168.0.11,0.7566666666666667,0.0,0.7566666666666667,0.7566666666666667,0.4290946541524634,0.4290946541524634,1.0,1,32,0.0213333333333333,1500,5.0,0.2000003621290333,0.0004217377719822,0,1.7633985787183315,2.0,0.5548918305491645,1,0.7542666666666666,0.0045849996970798,0.0012158978645793,1500.0,0.0,0.0,0.0216,0.0003651483716701,-0.0002610284521012,0,-0.4315589469546301
5875261,192.168.0.12,192.168.0.11,0.7606666666666667,0.0,0.7606666666666667,0.7606666666666667,0.4266765623852437,0.4266765623852437,1.0,1,32,0.0213333333333333,1500,5.0,0.199999677888388,0.0003900778308133,0,1.782766973764294,2.0,0.5503102557836878,1,0.7553333333333334,0.0054365021434334,0.0036482480808695,1500.0,0.0,0.0,0.0216,0.0003651483716701,-0.0002610284521012,0,-0.4988171655773805
5875262,192.168.0.12,192.168.0.11,0.7566666666666667,0.0,0.7566666666666667,0.7566666666666667,0.4290946541524634,0.4290946541524634,1.0,1,32,0.0213333333333333,1500,5.0,0.1999996549849354,0.0004065609068453,0,1.7633985787183315,2.0,0.5548918305491645,1,0.7549333333333335,0.0051982903172314,0.0007595898214963,1500.0,0.0,0.0,0.0214666666666666,0.0002981423969999,-0.0002610284521012,0,-0.45043200231689734
5875263,192.168.0.12,192.168.0.11,0.75,0.0,0.75,0.75,0.4330127018922193,0.4330127018922193,1.0,1,33,0.022,1500,5.0,0.1999997885884087,0.0003837875934398,0,1.732046807578115,2.0,0.5623351444188083,1,0.7556,0.0039327683210008,-0.002811122929646,1500.0,0.0,0.0,0.0216,0.0003651483716701,0.0005221250489492,0,-0.48160444826369203
5875264,192.168.0.12,192.168.0.11,0.754,0.0,0.754,0.754,0.4306785344082057,0.4306785344082057,1.0,1,33,0.022,1500,5.0,0.2000002134156434,0.0003914309362057,0,1.7507216845956406,2.0,0.557897875464777,1,0.7556,0.0039327683210008,-0.0009113693324219,1500.0,0.0,0.0,0.0215999999999999,0.0003651483716701,0.0003915426781519,0,-0.4503579414255635
5875265,192.168.0.12,192.168.0.11,0.7593333333333333,0.0,0.7593333333333333,0.7593333333333333,0.4274882714440505,0.4274882714440505,1.0,1,32,0.0213333333333333,1500,5.0,0.2000001327764041,0.0004010043447543,0,1.776262900746772,2.0,0.5518471633406278,1,0.7561333333333333,0.0042791484095685,0.0021265284423178,1500.0,0.0,0.0,0.0216,0.0003651483716701,-0.0002610284521012,0,-0.4467730955065631
5875266,192.168.0.12,192.168.0.11,0.7573333333333333,0.0,0.7573333333333333,0.7573333333333333,0.4286951779009831,0.4286951779009831,1.0,1,32,0.0213333333333333,1500,5.0,0.1999999619548204,0.0004248480527896,0,1.766596886964213,2.0,0.5541342958215685,1,0.7554666666666667,0.0036024682896284,0.0006833194138637,1500.0,0.0,0.0,0.0216,0.0003651483716701,-0.0002610284521012,0,-0.42983548207013617
5875267,192.168.0.12,192.168.0.11,0.7520585544373285,0.0,0.7520585544373285,0.7520585544373285,0.4318176526439884,0.4318176526439884,1.0,1,24,0.0219579139981701,1093,3.6433333333333335,0.20000013086822,0.000396767278037,0,1.741607385027346,2.0,0.560062270049202,1,0.754545044220799,0.0038026109587769,-0.0019414280510433,1418.6,182.01593336848285,-0.2711525649566955,0.0217249161329673,0.0003578772313694,0.000350346513479,1,-0.6552879047215726
5875238,192.168.0.21,192.168.0.11,18637.09209363957,16225.316375586995,0.7614840989399293,42723.8480565371,3465.1945873018767,18496.28558484857,10675.5,65403,553,0.1221289752650176,4528,1.8866666666666667,0.4999958922905204,0.0005223882476911,0,2.3028325259599938,51.625,0.461746704187765,8,18637.09209363957,0.0,0.0,4528.0,0.0,0.0,0.1221289752650176,0.0,0.0,0,-0.574718925038752
5875239,192.168.0.21,192.168.0.11,18236.47020833333,15852.912243899082,0.7566666666666667,40377.005,3681.683487210984,20413.020744000016,10679.625,65436,571,0.1189583333333333,4800,2.0,0.4999997757611569,0.0004658858573899,0,1.9732505787937449,56.75,0.4570385895641773,8,18436.78115098645,283.28245179178424,-0.0214947905232723,4664.0,192.3330444827409,0.0600574078162949,0.1205436542991754,0.0022419824106083,-0.0028255592731089,0,-0.5715983748764366
5875240,192.168.0.21,192.168.0.11,18702.63645833333,16702.641543157333,0.7583333333333333,44306.333333333336,3246.955770814404,17004.34293699374,10679.625,65436,575,0.1197916666666666,4800,2.0,0.500000767596377,0.000451848478001,0,2.6038250048700373,56.375,0.4540688493163589,8,18525.399586768748,252.35719769422764,0.014419051032757,4709.333333333333,157.03927321957826,0.0291532690246516,0.1202929917550058,0.0016436963520941,-0.0006710917773026,0,-0.5011242590444694
5875241,192.168.0.21,192.168.0.11,18527.61770833333,16421.171042017028,0.7533333333333333,42972.855,3160.869610213978,16276.122201883396,10675.5,65403,574,0.1195833333333333,4800,2.0,0.5000014952904792,0.0005455124830136,0,2.636368446066245,56.5,0.4547818735143253,8,18525.95411715989,206.05177383659623,0.000119727611088,4732.0,136.00000000000006,0.0192484608307976,0.1201155771495877,0.0013881866712085,-0.0006334578783366,0,-0.48926678012038216
5875242,192.168.0.21,192.168.0.11,18342.893333333333,16107.28709914018,0.7516666666666667,41478.395,3174.3240859629977,16393.508508928415,10683.875,65470,573,0.119375,4800,2.0,0.5000008895421069,0.0004880546723731,0,2.52632894141712,52.375,0.4584364681906495,8,18489.34196039458,196.32944313307857,-0.0098807814100973,4745.6,121.6420979759886,0.0143672089583773,0.1199674617196702,0.0012469914107519,-0.0006611613700367,0,-0.49573686215661616
5875243,192.168.0.21,192.168.0.11,18528.527916666662,15973.148850843374,0.7583333333333333,41646.79833333333,3216.143257181776,16469.610197097274,10671.25,65369,590,0.1229166666666666,4800,2.0,0.500001109253385,0.0005301238131302,0,2.526884233006395,55.625,0.4644679225144076,8,18467.629125,181.334774763738,0.0021192661745261,4800.0,0.0,0.0114608351240887,0.120125,0.001590717430735,0.0026332952052625,0,-0.48226680809130495
5875244,192.168.0.21,192.168.0.11,18848.028541666667,16483.645524332558,0.7566666666666667,44102.805,3249.684101556491,16729.57310663689,10671.25,65369,592,0.1233333333333333,4800,2.0,0.5000001328417375,0.0005225855115227,0,2.6344249620978784,55.125,0.4618088609023701,8,18589.940791666664,192.35238144250133,0.0205970575342671,4800.0,0.0,0.0,0.121,0.0019510057947405,0.0028642636610497,0,-0.48197713829045036
5875245,192.168.0.21,192.168.0.11,18181.40333333333,15645.129794217366,0.7566666666666667,39569.80333333334,3706.266901695551,20506.78889062487,10675.5,65403,583,0.1214583333333333,4800,2.0,0.5000004873351382,0.0004790744393287,0,1.9232559296224507,55.875,0.4607936208619461,8,18485.694166666664,248.9294589050132,-0.0219750825367836,4800.0,0.0,0.0,0.1213333333333333,0.0018316753866944,0.0004088611358905,0,-0.5003928361435869
5875246,192.168.0.21,192.168.0.11,18760.841666666667,16832.094209077877,0.7533333333333333,44855.31333333333,3253.054702105828,17019.796394742472,10675.5,65403,573,0.119375,4800,2.0,0.4999996938669622,0.000557142223343,0,2.631777272290883,54.125,0.4543485374146357,8,18532.338958333334,278.80700426334784,0.0148835425911962,4800.0,0.0,0.0,0.1212916666666666,0.0018830844230794,-0.0017464328180737,0,-0.4970998048023897
5875247,192.168.0.21,192.168.0.11,18591.429375,16551.716894936373,0.7466666666666667,43550.02166666667,3143.4051302045773,16113.855907919657,10683.875,65470,570,0.11875,4800,2.0,0.5000016681837518,0.0005199498650753,0,2.6987346735919915,52.25,0.4568116350702851,8,18582.046166666663,257.9638454386306,0.0031883308668509,4800.0,0.0,0.0,0.1211666666666666,0.0020550158826096,-0.0022667310765114,0,-0.49378590340966805
5875248,192.168.0.21,192.168.0.11,18425.50729166667,16238.94294497492,0.755,42122.636666666665,3127.517682996965,16028.8974156466,10683.875,65470,576,0.12,4800,2.0,0.5000015824087872,0.0005373709210343,0,2.6239881367626814,56.375,0.4541006241857939,8,18561.442041666665,267.2540685761709,-0.0084237467633689,4800.0,0.0,0.0,0.1205833333333333,0.0018364084059199,-0.0010405827263267,0,-0.46567564584913834
5875249,192.168.0.21,192.168.0.11,18494.78625,16027.85902897672,0.7566666666666667,41710.2,3169.753205206548,16128.392328024102,10667.125,65336,591,0.123125,4800,2.0,0.4999999043738504,0.000442889862443,0,2.573920521842358,57.625,0.4636105613075948,8,18490.793583333336,213.92410917083532,-0.003590895611528,4800.0,0.0,0.0,0.1205416666666666,0.0017591526527153,0.0022681639027292,0,-0.4742998902454064
5875250,192.168.0.21,192.168.0.11,18912.002291666668,16573.349372144698,0.7583333333333333,44547.926666666666,3178.1467541530174,16152.820874838617,10675.5,65403,596,0.1241666666666666,4800,2.0,0.5000003561352648,0.0004692251990417,0,2.749855706820038,57.125,0.4595937289646503,8,18636.913375,198.7420309945566,0.0227781424465481,4800.0,0.0,0.0,0.1210833333333333,0.0024089315865937,0.003235042576135,0,-0.495327248770635
5875251,192.168.0.21,192.168.0.11,18104.906666666662,15467.060936217364,0.7583333333333333,38774.495,3757.153050071683,20860.18410696899,10663.0,65303,584,0.1216666666666666,4800,2.0,0.5000000762223004,0.0004536898235593,0,1.85734194863596,56.375,0.4602512783130699,8,18505.726375,291.3830601315965,-0.0285443277704543,4800.0,0.0,0.0,0.1215416666666666,0.0022126530078919,0.0005203300379097,0,-0.5666004779084329
5875252,192.168.0.21,192.168.0.11,18763.28083333333,16842.305072465493,0.7516666666666667,44891.495,3332.5872062803,17662.31649708804,10683.75,65469,573,0.119375,4800,2.0,0.500002412097482,0.0004803469446367,0,2.5399553339934937,55.125,0.4539677322465231,8,18540.096666666668,313.3285260627948,0.013916802632434,4800.0,0.0,0.0,0.1216666666666666,0.0020252314682524,-0.0019318646208715,0,-0.49647990903919165
5875253,192.168.0.21,192.168.0.11,18587.01104166667,16528.555038940965,0.75,43464.67166666667,3199.743853203752,16593.307661841583,10675.5,65403,572,0.1191666666666666,4800,2.0,0.499998267733792,0.0004546512188571,0,2.617601779537458,56.625,0.4545119581223237,8,18572.397416666667,306.8194104211274,0.0025302912682799,4800.0,0.0,0.0,0.1214999999999999,0.002221462543761,-0.0022288261515601,0,-0.4718317691688741
5875254,192.168.0.21,192.168.0.11,18407.935833333333,16214.747111582354,0.755,41998.73166666667,3173.3177929679705,16385.460123932964,10675.5,65403,574,0.1195833333333333,4800,2.0,0.5000005293768117,0.000485946211695,0,2.561339830964214,59.25,0.454793682940973,8,18555.02733333333,314.6697167947621,-0.0088546849907898,4800.0,0.0,0.0,0.1207916666666666,0.002136813567493,-0.0017090206568583,0,-0.4578236264610757
5875255,192.168.0.21,192.168.0.11,18394.295416666668,15941.11851643714,0.76,41139.60333333333,3218.899788838285,16577.780993626846,10662.875,65302,585,0.121875,4800,2.0,0.5000019718788701,0.0005444821506472,0,2.4757597742807658,56.0,0.463013552452177,8,18451.48595833333,245.39135536148063,-0.0086619788696869,4800.0,0.0,0.0,0.1203333333333333,0.0013225475206753,0.0009665786832224,0,-0.5065323455741667
5875256,192.168.0.21,192.168.0.11,18723.553541666668,16278.876643493448,0.7533333333333333,43140.34166666667,3198.53038577955,16311.581574500897,10683.875,65470,589,0.1227083333333333,4800,2.0,0.4999998416347376,0.0005045141094698,0,2.640905265211466,54.25,0.4631953671884602,8,18575.215333333334,171.92036124598684,0.0147442238377894,4800.0,0.0,0.0,0.1205416666666666,0.0016311315942552,0.002119904790241,0,-0.4675789851162346
5875257,192.168.0.21,192.168.0.11,18529.634375,15997.134209971697,0.76,41722.315,3576.529748799268,19359.40354424971,10683.875,65470,596,0.1241666666666666,4800,2.0,0.500001647536066,0.000457603212402,0,2.151890418660243,57.25,0.4625220295078855,8,18528.48604166667,136.03060355834748,-0.0024537268499219,4800.0,0.0,0.0,0.1214999999999999,0.0021112710100263,0.003235042576135,0,-0.5064712303290796
5875258,192.168.0.21,192.168.0.11,18493.407291666663,16384.267280311877,0.7466666666666667,42765.845,3511.470421524644,19058.37823848018,10679.625,65436,570,0.11875,4800,2.0,0.5000002813558149,0.000504390000071,0,2.2388497312751308,55.75,0.4578202531789503,8,18509.765291666667,132.3539866150074,-0.0018931313000869,4800.0,0.0,0.0,0.1214166666666666,0.0022312101225817,-0.002452073116362,0,-0.5070980915731683
5875259,192.168.0.21,192.168.0.11,18669.041666666668,16660.226056835134,0.755,44087.57833333333,3178.153435301324,16440.176891805753,10683.75,65469,576,0.12,4800,2.0,0.500001518425838,0.0004747223570298,0,2.679872523306789,55.875,0.4535245841566138,8,18561.986458333333,133.63643300021695,0.0086045267437811,4800.0,0.0,0.0,0.1215,0.0021519935847694,-0.0012632830497139,0,-0.45848994735524534
5875260,192.168.0.21,192.168.0.11,18499.209375,16363.350615030597,0.7566666666666667,42712.25166666666,3117.8798881189905,15967.914969974338,10683.875,65470,574,0.1195833333333333,4800,2.0,0.499997985930196,0.0004799059029299,0,2.670934291934313,55.875,0.4531714576249427,8,18582.96925,106.12972475471013,-0.0033818417889946,4800.0,0.0,0.0,0.1210416666666666,0.0022916666666666,-0.0017090206568583,0,-0.462752391129594
5875261,192.168.0.21,192.168.0.11,18369.279583333333,16029.769513980971,0.76,41322.81,3164.8288521850263,16272.430232059172,10675.5,65403,574,0.1195833333333333,4800,2.0,0.4999995404770457,0.0004719024740366,0,2.5314479404749526,55.875,0.4595650772235143,8,18512.114458333333,107.06469652982796,-0.0114986020366272,4800.0,0.0,0.0,0.1204166666666666,0.0021449229460389,-0.0013008734435978,0,-0.454907317235109
5875262,192.168.0.21,192.168.0.11,18626.446458333336,16113.89759417466,0.7566666666666667,42363.48166666667,3173.188093882518,16108.845215688096,10675.5,65403,588,0.1225,4800,2.0,0.5000017990353509,0.0004597800585799,0,2.6279650153203367,57.5,0.46218776329292,8,18531.476875,119.10262362792788,0.0061757301969543,4800.0,0.0,0.0,0.1200833333333333,0.0014252192813739,0.0018594272963927,0,-0.463692015895399
5875263,192.168.0.21,192.168.0.11,18873.79125,16560.65396547642,0.7516666666666667,44408.91166666667,3304.437366301772,17108.82260142986,10683.875,65470,594,0.12375,4800,2.0,0.4999994721655456,0.0004716327789902,0,2.5919908515720125,55.5,0.4637738435189712,8,18607.553666666667,189.42886978047164,0.0184710536702071,4800.0,0.0,0.0,0.1210833333333333,0.0019229967932023,0.003273565954914,0,-0.47774739639654074
5875264,192.168.0.21,192.168.0.11,18230.617291666666,15831.285664673904,0.7533333333333333,40296.85166666667,3660.450067286379,20202.246323936288,10683.875,65470,576,0.12,4800,2.0,0.4999996883940816,0.000472907721841,0,1.991553365875196,51.625,0.4596636082062352,8,18519.868791666664,246.6729904957841,-0.0202560812490872,4800.0,0.0,0.0,0.1210833333333333,0.0019229967932023,-0.000966327213261,0,-0.49697494748403226
5875265,192.168.0.21,192.168.0.11,18728.84708333333,16748.660447216294,0.76,44516.01666666667,3204.354159174576,16663.531054063005,10667.125,65336,576,0.12,4800,2.0,0.499999228075072,0.0004258535989312,0,2.6696632616260616,56.875,0.4517299595156555,8,18565.796333333332,262.72070551906046,0.0112833957206531,4800.0,0.0,0.0,0.1211666666666666,0.0018493617517643,-0.000966327213261,0,-0.48517650911761456
5875266,192.168.0.21,192.168.0.11,18616.212708333333,16581.40256264003,0.7566666666666667,43698.278333333335,3085.0309896969825,15740.58957898964,10675.375,65402,578,0.1204166666666666,4800,2.0,0.5000008931243559,0.0004551201518652,0,2.769990165346909,52.75,0.4479658178523066,8,18615.18295833333,238.65061314967352,0.0027154051832562,4800.0,0.0,0.0,0.1213333333333333,0.0017027347284752,-0.0006689460383529,0,-0.47435849722641654
5875267,192.168.0.21,192.168.0.11,18572.450785241843,16097.096974692322,0.7528604118993135,42157.07780320366,3551.301989132966,19113.280593997588,10675.375,65402,429,0.1227103643563942,3498,1.4575,0.4999993019253488,0.0004617146820732,0,2.2005682171699927,44.125,0.4603595458889772,8,18604.383823715038,239.234469856044,-0.0022954315171447,4539.6,582.2721013409454,-0.2711935013538846,0.1213754062046121,0.0017409390366333,0.0012280300443468,1,-0.6364368568063881
5875238,192.168.0.21,192.168.0.12,13786.572791519437,10755.45881621116,2102.473498233216,30000.0,4916.228966787664,14199.661147742552,18760.0,65000,615,0.2173144876325088,2830,1.8866666666666667,0.4999948396935927,0.0005599174829678,20,3.779462108984008,36.2,0.8014355727567158,5,13786.572791519437,0.0,0.0,2830.0,0.0,0.0,0.2173144876325088,0.0,0.0,0,-0.5398866980778261
5875239,192.168.0.21,192.168.0.12,13898.505666666668,10707.868238016716,2133.333333333333,30000.0,4968.651034212123,14427.613806734178,18733.2,65000,653,0.2176666666666666,3000,2.0,0.4999997135792829,0.0004899623161674,15,3.6911523076291366,35.8,0.8104682625903747,5,13842.53922909305,79.14849505431631,0.0081183886997196,2915.0,120.20815280171308,0.0600494524902861,0.2174905771495877,0.0002490281832447,0.0002893081761006,0,-0.49086967288083205
5875240,192.168.0.21,192.168.0.12,13888.080666666669,10694.336035412078,2166.6666666666665,30000.0,4979.779177324492,14427.014054622205,18760.0,65000,654,0.218,3000,2.0,0.500000801707349,0.0004617702642267,21,3.703807301634702,35.4,0.7952076740727266,5,13857.719708284256,61.83512739620929,0.0032897250349035,2943.333333333333,98.14954576223634,0.0291495198902606,0.2176603847663918,0.000342799355599,0.0004184203639628,0,-0.4776564606518618
5875241,192.168.0.21,192.168.0.12,13711.96,10747.048945210754,2250.0,30000.0,5146.484553430057,15208.272148356922,18733.2,65000,657,0.219,3000,2.0,0.5000015338394598,0.0005705897991146,20,3.563991105259028,36.8,0.7844809790224792,5,13821.279781213192,88.65962136084306,-0.0105175450079364,2957.5,84.99999999999996,0.0192460092833691,0.2179952885747939,0.0007259360685773,0.0011001550599555,0,-0.47797403888120976
5875242,192.168.0.21,192.168.0.12,13820.762,10721.154174517573,2216.6666666666665,30000.0,5108.864713362524,15046.22813228913,18733.2,65000,657,0.219,3000,2.0,0.5000009706302955,0.0005317242034723,17,3.563129987910602,36.6,0.8014606114182034,5,13821.176224970552,76.78183355692276,-3.745989962502816e-05,2966.0,76.02631123499282,0.0143653878654723,0.218196230859835,0.0007727395365413,0.0008248894183997,0,-0.4612741193779152
5875243,192.168.0.21,192.168.0.12,14003.569666666666,10687.90396291218,2150.0,30000.0,4990.301920770625,14532.057772469803,18733.2,65000,652,0.2173333333333333,3000,2.0,0.5000010204633607,0.000568227801556,20,3.6247282264570098,35.6,0.8137031628077118,5,13864.5756,107.51074488146116,0.0131957109161007,3000.0,0.0,0.0114593865857768,0.2182,0.0007673909622147,-0.000708340335196,0,-0.44951210657800167
5875244,192.168.0.21,192.168.0.12,13777.168333333331,10744.694415839356,2133.333333333333,30000.0,5090.70940682804,15059.912557066487,18733.2,65000,654,0.218,3000,2.0,0.500000245105444,0.0005451973610436,20,3.5741013187027364,36.8,0.7822448375168073,5,13840.308133333334,111.55544833166044,-0.0063039046620371,3000.0,0.0,0.0,0.2182666666666667,0.0007226494462892,-0.0001641766540797,0,-0.4299123847146344
5875245,192.168.0.21,192.168.0.12,13898.299666666668,10721.003460184049,2100.0,30000.0,5124.469002974815,15229.14850045428,18733.2,65000,653,0.2176666666666666,3000,2.0,0.5000007475755848,0.0004956060039489,21,3.4910378166091416,35.6,0.8010843543751299,5,13842.351933333332,112.73685024757644,0.0041897436842458,3000.0,0.0,0.0,0.2182,0.0007673909622147,-0.0004925030097406,0,-0.4268612374388034
5875246,192.168.0.21,192.168.0.12,13875.371333333333,10700.059817896035,2183.333333333333,30000.0,5053.066248562403,14750.158500246702,18733.2,65000,656,0.2186666666666666,3000,2.0,0.4999998367290465,0.0005850985217701,19,3.623673602929919,36.2,0.8083644368671037,5,13875.0342,86.0028507384766,0.0023852171178637,3000.0,0.0,0.0,0.2181333333333333,0.0006912147117775,0.0003830788595194,0,-0.43866193982511026
5875247,192.168.0.21,192.168.0.12,14170.668,10642.781736194516,2233.333333333333,30000.0,5026.333527256811,14602.778443789388,18733.2,65000,653,0.2176666666666666,3000,2.0,0.5000017462270288,0.0005383511844107,22,3.55432633565157,36.0,0.8182101181045937,5,13945.015399999998,149.6270292953278,0.0213053525048244,3000.0,0.0,0.0,0.2178666666666666,0.0005055250296034,-0.0003830998248686,0,-0.45974504987859116
5875248,192.168.0.21,192.168.0.12,13916.483000000002,10720.901276912336,2116.6666666666665,30000.0,4973.876456720869,14451.653541001995,18733.2,65000,653,0.2176666666666666,3000,2.0,0.5000014580549899,0.0005655532838323,19,3.668351618905655,36.2,0.8044520450403173,5,13927.598066666667,146.13492890617044,-0.0020459177178304,3000.0,0.0,0.0,0.2179333333333333,0.0004346134936801,-0.0001642215896649,0,-0.43349225533650804
5875249,192.168.0.21,192.168.0.12,13757.494333333332,10766.978743482548,2083.333333333333,30000.0,4876.818919892647,14025.340822915265,18733.2,65000,652,0.2173333333333333,3000,2.0,0.499999940853087,0.0004724593202612,24,3.8362789664443935,35.0,0.7895986908709866,5,13923.663266666666,151.36911173819928,-0.0122125523702504,3000.0,0.0,0.0,0.2178,0.0005055250296034,-0.0004926378017406,0,-0.4812103731458889
5875250,192.168.0.21,192.168.0.12,13841.520333333334,10735.820779578704,2100.0,30000.0,5137.804877361164,15323.99588140552,18733.2,65000,660,0.22,3000,2.0,0.5000003809920933,0.0004971498382183,22,3.48766734278255,36.4,0.8038298700143278,5,13912.3074,155.81222890592915,-0.005899096571331,3000.0,0.0,0.0,0.2182666666666666,0.0010903618155864,0.0018065363770734,0,-0.4771261263119389
5875251,192.168.0.21,192.168.0.12,13826.726666666666,10730.688083245692,2133.333333333333,30000.0,5109.373129748839,15125.8120579565,18760.0,65000,655,0.2183333333333333,3000,2.0,0.4999998809101187,0.0004733241269931,21,3.541824605814204,36.2,0.803372602937019,5,13902.578466666668,160.15331005366323,-0.0061509985277356,3000.0,0.0,0.0,0.2182,0.001069787102392,5.47225566378401e-05,0,-0.4348679966877008
5875252,192.168.0.21,192.168.0.12,13955.227333333334,10678.663827686289,2200.0,30000.0,5092.086572175834,14938.14219580943,18733.2,65000,654,0.218,3000,2.0,0.5000028499577798,0.0005133195450683,22,3.550718197384822,36.6,0.8103110085073537,5,13859.490333333331,77.80311689165109,0.0037867133841039,3000.0,0.0,0.0,0.2182666666666666,0.0010381607668265,-0.0001641766540797,0,-0.4444022337409324
5875253,192.168.0.21,192.168.0.12,13812.138333333332,10737.275882616828,2183.333333333333,30000.0,5148.051876386176,15273.801324830698,18733.2,65000,654,0.218,3000,2.0,0.499998211980065,0.0004823820395879,18,3.5060270104100986,35.6,0.7961532282259327,5,13838.6214,72.50825116855695,-0.0034163293549667,3000.0,0.0,0.0,0.2183333333333333,0.001,-0.0002188902265513,0,-0.44213798610089833
5875254,192.168.0.21,192.168.0.12,14151.055333333334,10657.632780579685,2183.333333333333,30000.0,4919.055473391678,14135.167198702988,18760.0,65000,654,0.218,3000,2.0,0.5000005876480638,0.0005009291521576,22,3.675529686536594,36.2,0.8099667629614637,5,13917.333599999998,142.37722391422903,0.0225753237247757,3000.0,0.0,0.0,0.2184666666666666,0.0008692269873603,-0.0002735978112175,0,-0.4786498987804281
5875255,192.168.0.21,192.168.0.12,13856.120666666666,10732.42739297758,2100.0,30000.0,4992.659109563682,14599.84372031427,18733.2,65000,653,0.2176666666666666,3000,2.0,0.5000018998657125,0.0005609994442406,13,3.65533501718852,36.4,0.8039224730599109,5,13920.253666666666,140.5718974546489,-0.0043980073399973,3000.0,0.0,0.0,0.218,0.0002357022603954,-0.0006565628932538,0,-0.44678181377550047
5875256,192.168.0.21,192.168.0.12,14061.674333333334,10672.750318819444,2150.0,30000.0,4921.871196085149,14181.212272261258,18733.2,65000,652,0.2173333333333333,3000,2.0,0.4999994959377486,0.0005251048880749,22,3.696628961604588,36.6,0.8109890635715431,5,13967.2432,140.7606633909345,0.0101586157434433,3000.0,0.0,0.0,0.2178,0.0002981423969999,-0.0005473453749316,0,-0.45986910408735193
5875257,192.168.0.21,192.168.0.12,13696.968333333334,10758.53779292069,2166.6666666666665,30000.0,5209.11883388792,15570.327475188898,18733.2,65000,656,0.2186666666666667,3000,2.0,0.500001877496557,0.0004860997518463,21,3.489527976622383,35.8,0.7695881148669997,5,13915.5914,186.2920004433602,-0.0193492383255946,3000.0,0.0,0.0,0.2179333333333333,0.000494413232473,0.0007116658455137,0,-0.4611813779364408
5875258,192.168.0.21,192.168.0.12,13871.446,10704.69714317982,2250.0,30000.0,5132.9454348755735,15145.151833897942,18760.0,65000,655,0.2183333333333333,3000,2.0,0.5000002801318797,0.0005174428387361,23,3.522170917456028,36.4,0.7998045753881671,5,13927.452933333334,179.83439408945742,-0.0031721417070561,3000.0,0.0,0.0,0.218,0.0005270462766947,0.0003284252011603,0,-0.43989835577411646
5875259,192.168.0.21,192.168.0.12,13926.878,10707.958362097792,2166.6666666666665,30000.0,5057.697398620766,14840.897524820466,18760.0,65000,654,0.218,3000,2.0,0.5000017101657211,0.0005041438985505,20,3.571437188425913,36.6,0.8095802774748287,5,13882.617466666668,131.63665816991983,-4.1277616120409125e-05,3000.0,0.0,0.0,0.218,0.0005270462766947,0.0,0,-0.422987959703762
5875260,192.168.0.21,192.168.0.12,13701.828,10773.84096458578,2116.6666666666665,30000.0,5068.337874260443,14934.592275022293,18733.2,65000,651,0.217,3000,2.0,0.4999974257957955,0.0005054254987947,21,3.626711217305447,36.2,0.7647513642813264,5,13851.758933333334,155.34988296304945,-0.0130217839191209,3000.0,0.0,0.0,0.2178666666666666,0.0006912147117775,-0.0008210180623973,0,-0.44941046174875554
5875261,192.168.0.21,192.168.0.12,13713.056333333332,10772.02614830451,2116.6666666666665,30000.0,5185.583286949065,15569.78597598424,18733.2,65000,655,0.2183333333333333,3000,2.0,0.4999997375405491,0.0005006919586581,26,3.4735925987216976,36.6,0.7907692779333001,5,13782.035333333331,108.85928836269724,-0.0100126336325862,3000.0,0.0,0.0,0.2180666666666667,0.0006411794687223,0.0003831837092183,0,-0.45077028558212745
5875262,192.168.0.21,192.168.0.12,13988.502666666667,10687.017971717523,2116.6666666666665,30000.0,5004.377763868107,14585.03363816789,18760.0,65000,653,0.2176666666666666,3000,2.0,0.5000021171092192,0.0004854603664588,20,3.6219082273126086,36.8,0.8126195704722197,5,13840.3422,128.25296331244044,0.0149798160085976,3000.0,0.0,0.0,0.2178666666666666,0.0005577733510226,-0.0003283892507252,0,-0.44135851665187364
5875263,192.168.0.21,192.168.0.12,13743.028666666669,10748.774600250848,2183.333333333333,30000.0,5239.799618924328,15710.709211518391,18733.2,65000,653,0.2176666666666666,3000,2.0,0.4999992052979382,0.0004895919215233,23,3.437111968417031,35.2,0.7821133548685274,5,13814.658733333334,133.22871827141526,-0.0070306428326965,3000.0,0.0,0.0,0.2177333333333333,0.000494413232473,-0.0001642215896649,0,-0.45950248930495424
5875264,192.168.0.21,192.168.0.12,13638.562333333331,10798.336332886063,2150.0,30000.0,5101.601455856662,15075.514570829377,18733.2,65000,656,0.2186666666666666,3000,2.0,0.5000000597041516,0.0004958438174659,18,3.607556682341076,36.2,0.7782970567995715,5,13756.9956,134.8991836906749,-0.0127461457610508,3000.0,0.0,0.0,0.2178666666666667,0.0006497862896538,0.0007664513303405,0,-0.4392690376938023
5875265,192.168.0.21,192.168.0.12,13565.586,10826.661193686115,2133.333333333333,30000.0,5187.594818356686,15574.768517059894,18733.2,65000,654,0.2179999999999999,3000,2.0,0.4999989779445285,0.0004437952722442,21,3.515801851982904,35.6,0.7780656428092669,5,13729.747200000002,160.21310293733848,-0.013912608025547,3000.0,0.0,0.0,0.2180666666666667,0.0004346134936801,0.0001094810597766,0,-0.4731256361093574
5875266,192.168.0.21,192.168.0.12,14038.544666666665,10671.089933201032,2133.333333333333,30000.0,4937.967042341765,14269.269248744153,18733.2,65000,652,0.2173333333333333,3000,2.0,0.5000009750882055,0.0004877459706194,19,3.686873220057148,36.0,0.812594788611148,5,13794.844866666666,210.0962355527145,0.0224894874378477,3000.0,0.0,0.0,0.2178666666666666,0.0005055250296033,-0.0006020469596628,0,-0.460854386868824
5875267,192.168.0.21,192.168.0.12,13768.25995423341,10736.365220233369,2219.679633867277,30000.0,5072.666484402453,14855.105187434683,18733.2,65000,476,0.2178489702517162,2185,1.4566666666666668,0.4999985156802956,0.0004875636716771,13,3.626595964654305,33.2,0.7762988604545712,5,13750.796324180012,180.3217654402382,-0.0019270231501,2837.0,364.47908033246574,-0.2715761412862379,0.2179031273836766,0.0004939353363295,-1.453066697262242e-05,0,-0.5758002746648823
