time_window,id.orig_h,id.resp_h,ts_count,ts_min,ts_max,tid_nunique,unit_nunique,id.orig_p_nunique,duration,transaction_rate,iat_mean,iat_std,iat_min,iat_max
29376234,192.168.0.11,192.168.0.12,2700,1.76257404e+09,1.7625741e+09,893,1,1,59.8009007,45.0,0.022222501,0.06258561,0.0,0.208029032
29376234,192.168.0.12,192.168.0.11,900,1.76257404e+09,1.7625741e+09,300,1,1,59.8003242,15.0,0.066666171,0.094169505,0.0,0.201592922
29376234,192.168.0.21,192.168.0.11,2880,1.76257404e+09,1.7625741e+09,948,1,1,59.50153327,48.0,0.020833223,0.099713787,0.0,0.500891685
29376234,192.168.0.21,192.168.0.12,1800,1.76257404e+09,1.7625741e+09,598,1,1,59.50110197,30.0,0.033333142,0.124560155,0.0,0.500972986
29376235,192.168.0.11,192.168.0.12,2700,1.7625741e+09,1.76257416e+09,892,1,1,59.80079222,45.0,0.022222292,0.062579054,0.0,0.201756239
29376235,192.168.0.12,192.168.0.11,900,1.7625741e+09,1.76257416e+09,300,1,1,59.80030775,15.0,0.066667263,0.094167236,0.0,0.200668812
29376235,192.168.0.21,192.168.0.11,2880,1.7625741e+09,1.76257416e+09,952,1,1,59.50118613,48.0,0.02083343,0.099680332,0.0,0.500034094
29376235,192.168.0.21,192.168.0.12,1800,1.7625741e+09,1.76257416e+09,599,1,1,59.50119019,30.0,0.033333485,0.124580691,0.0,0.500550985
29376236,192.168.0.11,192.168.0.12,2700,1.76257416e+09,1.76257422e+09,896,1,1,59.80212474,45.0,0.022222671,0.062583543,0.0,0.208304405
29376236,192.168.0.12,192.168.0.11,900,1.76257416e+09,1.76257422e+09,299,1,1,59.80004597,15.0,0.066666011,0.094176841,0.0,0.201279879
29376236,192.168.0.21,192.168.0.11,2880,1.76257416e+09,1.76257422e+09,958,1,1,59.50126624,48.0,0.020833187,0.099691116,0.0,0.500081301
29376236,192.168.0.21,192.168.0.12,1800,1.76257416e+09,1.76257422e+09,595,1,1,59.5006671,30.0,0.033333057,0.12459304,0.0,0.50052309
29376237,192.168.0.11,192.168.0.12,2700,1.76257422e+09,1.76257428e+09,896,1,1,59.80145502,45.0,0.022221941,0.062575203,0.0,0.208290339
29376237,192.168.0.12,192.168.0.11,900,1.76257422e+09,1.76257428e+09,299,1,1,59.80054927,15.0,0.066666982,0.094173082,0.0,0.200891972
29376237,192.168.0.21,192.168.0.11,2880,1.76257422e+09,1.76257428e+09,950,1,1,59.50197196,48.0,0.020833646,0.09968037,0.0,0.499790907
29376237,192.168.0.21,192.168.0.12,1800,1.76257422e+09,1.76257428e+09,596,1,1,59.50144386,30.0,0.033333778,0.124590244,0.0,0.500393867
29376258,192.168.0.11,192.168.0.12,2700,1.76257548e+09,1.76257554e+09,896,1,1,59.80103374,45.0,0.022222221,0.062580842,0.0,0.20113039
29376258,192.168.0.12,192.168.0.11,900,1.76257548e+09,1.76257554e+09,300,1,1,59.8004849,15.0,0.066667172,0.094180084,0.0,0.200807095
29376258,192.168.0.21,192.168.0.11,2880,1.76257548e+09,1.76257554e+09,951,1,1,59.50121832,48.0,0.020833334,0.099721336,0.0,0.500206947
29376258,192.168.0.21,192.168.0.12,1800,1.76257548e+09,1.76257554e+09,598,1,1,59.50116682,30.0,0.033333441,0.124586057,0.0,0.500690699
29376259,192.168.0.11,192.168.0.12,2700,1.76257554e+09,1.7625756e+09,894,1,1,59.80093098,45.0,0.022222065,0.062587832,0.0,0.201517105
29376259,192.168.0.12,192.168.0.11,900,1.76257554e+09,1.7625756e+09,300,1,1,59.80019403,15.0,0.066666476,0.094177617,0.0,0.202031374
29376259,192.168.0.21,192.168.0.11,2880,1.76257554e+09,1.7625756e+09,952,1,1,59.50116181,48.0,0.020833405,0.099746807,0.0,0.500737667
29376259,192.168.0.21,192.168.0.12,1800,1.76257554e+09,1.7625756e+09,598,1,1,59.5007391,30.0,0.033333399,0.124584536,0.0,0.500928164
29376260,192.168.0.11,192.168.0.12,2700,1.7625756e+09,1.76257566e+09,894,1,1,59.80055189,45.0,0.022222342,0.062593085,0.0,0.208068371
29376260,192.168.0.12,192.168.0.11,900,1.7625756e+09,1.76257566e+09,298,1,1,59.80026102,15.0,0.066666482,0.094185704,0.0,0.200961351
29376260,192.168.0.21,192.168.0.11,2880,1.7625756e+09,1.76257566e+09,948,1,1,59.50159001,48.0,0.020833493,0.099725012,0.0,0.500194073
29376260,192.168.0.21,192.168.0.12,1800,1.7625756e+09,1.76257566e+09,598,1,1,59.50118279,30.0,0.033333472,0.124585632,0.0,0.500591993
29376261,192.168.0.11,192.168.0.12,2700,1.76257566e+09,1.76257572e+09,895,1,1,59.80023193,45.0,0.022222169,0.062574436,0.0,0.200862408
29376261,192.168.0.12,192.168.0.11,900,1.76257566e+09,1.76257572e+09,297,1,1,59.80029297,15.0,0.066667161,0.094175442,0.0,0.200580597
29376261,192.168.0.21,192.168.0.11,2880,1.76257566e+09,1.76257572e+09,954,1,1,59.50077081,48.0,0.020833307,0.099715232,0.0,0.499684811
29376261,192.168.0.21,192.168.0.12,1800,1.76257566e+09,1.76257572e+09,597,1,1,59.50026417,30.0,0.033333336,0.124588799,0.0,0.500421762
29376326,192.168.0.11,192.168.0.12,2700,1.76257956e+09,1.76257962e+09,898,1,1,59.80101562,45.0,0.022222099,0.062579698,0.0,0.203035831
29376326,192.168.0.12,192.168.0.11,900,1.76257956e+09,1.76257962e+09,299,1,1,59.79995894,15.0,0.066666105,0.094180203,0.0,0.2019701
29376326,192.168.0.21,192.168.0.11,2880,1.76257956e+09,1.76257962e+09,954,1,1,59.50142908,48.0,0.020833484,0.099721794,0.0,0.500387669
29376326,192.168.0.21,192.168.0.12,1800,1.76257956e+09,1.76257962e+09,598,1,1,59.5011847,30.0,0.033333663,0.124560779,0.0,0.50072813
29376327,192.168.0.11,192.168.0.12,2700,1.76257962e+09,1.76257968e+09,893,1,1,59.8016386,45.0,0.022222405,0.062598631,0.0,0.207651138
29376327,192.168.0.12,192.168.0.11,900,1.76257962e+09,1.76257968e+09,300,1,1,59.79971385,15.0,0.066666785,0.094171492,0.0,0.200675964
29376327,192.168.0.21,192.168.0.11,2880,1.76257962e+09,1.76257968e+09,954,1,1,59.50086498,48.0,0.02083348,0.099740618,0.0,0.500156879
29376327,192.168.0.21,192.168.0.12,1800,1.76257962e+09,1.76257968e+09,598,1,1,59.50063515,30.0,0.033333547,0.124563632,0.0,0.500344992
29376328,192.168.0.11,192.168.0.12,2700,1.76257968e+09,1.76257974e+09,896,1,1,59.80053973,45.0,0.022222112,0.062598796,0.0,0.207489967
29376328,192.168.0.12,192.168.0.11,902,1.76257968e+09,1.76257974e+09,299,1,1,59.99934888,15.03333333,0.0667401,0.094202236,0.0,0.202057123
29376328,192.168.0.21,192.168.0.11,2880,1.76257968e+09,1.76257974e+09,950,1,1,59.50103188,48.0,0.020833162,0.099738138,0.0,0.499999046
29376328,192.168.0.21,192.168.0.12,1800,1.76257968e+09,1.76257974e+09,599,1,1,59.50047994,30.0,0.03333307,0.124579204,0.0,0.50047493
29376329,192.168.0.11,192.168.0.12,2700,1.76257974e+09,1.7625798e+09,891,1,1,59.80093217,45.0,0.022222122,0.062574155,0.0,0.200829268
29376329,192.168.0.12,192.168.0.11,898,1.76257974e+09,1.7625798e+09,300,1,1,59.80043411,14.96666667,0.066593177,0.09416245,0.0,0.200640202
29376329,192.168.0.21,192.168.0.11,2880,1.76257974e+09,1.7625798e+09,953,1,1,59.50018811,48.0,0.020833187,0.099742318,0.0,0.500185013
29376329,192.168.0.21,192.168.0.12,1800,1.76257974e+09,1.7625798e+09,599,1,1,59.50005674,30.0,0.033333071,0.12457897,0.0,0.500546694
29376214,192.168.0.11,192.168.0.12,2700,1.76257284e+09,1.7625729e+09,896,1,1,59.80038285,45.0,0.022221958,0.062594737,0.0,0.200754166
29376214,192.168.0.12,192.168.0.11,900,1.76257284e+09,1.7625729e+09,298,1,1,59.80015683,15.0,0.066666431,0.09417407,0.0,0.201318026
29376214,192.168.0.21,192.168.0.11,2880,1.76257284e+09,1.7625729e+09,955,1,1,59.50124192,48.0,0.020833793,0.099710868,0.0,0.500313759
29376214,192.168.0.21,192.168.0.12,1800,1.76257284e+09,1.7625729e+09,599,1,1,59.50075889,30.0,0.033334128,0.124565585,0.0,0.500770807
29376215,192.168.0.11,192.168.0.12,2700,1.7625729e+09,1.76257296e+09,896,1,1,59.79988909,45.0,0.022222018,0.062584685,0.0,0.202800035
29376215,192.168.0.12,192.168.0.11,900,1.7625729e+09,1.76257296e+09,298,1,1,59.80035901,15.0,0.066666932,0.094168643,0.0,0.201622248
29376215,192.168.0.21,192.168.0.11,2880,1.7625729e+09,1.76257296e+09,952,1,1,59.50169706,48.0,0.020833234,0.099691082,0.0,0.500342846
29376215,192.168.0.21,192.168.0.12,1800,1.7625729e+09,1.76257296e+09,596,1,1,59.50138879,30.0,0.033333208,0.124562532,0.0,0.5008533
29376216,192.168.0.11,192.168.0.12,2700,1.76257296e+09,1.76257302e+09,897,1,1,59.80064702,45.0,0.022222527,0.062583812,0.0,0.208470106
29376216,192.168.0.12,192.168.0.11,900,1.76257296e+09,1.76257302e+09,298,1,1,59.79997587,15.0,0.066666624,0.094177694,0.0,0.20074892
29376216,192.168.0.21,192.168.0.11,2880,1.76257296e+09,1.76257302e+09,953,1,1,59.5007019,48.0,0.020833271,0.099698295,0.0,0.500179052
29376216,192.168.0.21,192.168.0.12,1800,1.76257296e+09,1.76257302e+09,594,1,1,59.50021982,30.0,0.033333227,0.124597465,0.0,0.500732899
29376217,192.168.0.11,192.168.0.12,2700,1.76257302e+09,1.76257308e+09,894,1,1,59.80095196,45.0,0.02222219,0.062577411,0.0,0.200991869
29376217,192.168.0.12,192.168.0.11,900,1.76257302e+09,1.76257308e+09,300,1,1,59.7998879,15.0,0.066666647,0.094176601,0.0,0.201213837
29376217,192.168.0.21,192.168.0.11,2880,1.76257302e+09,1.76257308e+09,953,1,1,59.5009861,48.0,0.020833373,0.099689262,0.0,0.501195908
29376217,192.168.0.21,192.168.0.12,1800,1.76257302e+09,1.76257308e+09,597,1,1,59.50057817,30.0,0.033333487,0.124577652,0.0,0.502059221
29376274,192.168.0.11,192.168.0.12,2700,1.76257644e+09,1.7625765e+09,895,1,1,59.7916038,45.0,0.022222302,0.062579938,0.0,0.20861125
29376274,192.168.0.12,192.168.0.11,898,1.76257644e+09,1.7625765e+09,300,1,1,59.80012083,14.96666667,0.066592777,0.094148395,0.0,0.200717926
29376274,192.168.0.21,192.168.0.11,2880,1.76257644e+09,1.7625765e+09,955,1,1,59.50194001,48.0,0.020833647,0.099728217,0.0,0.500408649
29376274,192.168.0.21,192.168.0.12,1800,1.76257644e+09,1.7625765e+09,598,1,1,59.50191402,30.0,0.0333339,0.124566324,0.0,0.500696898
29376275,192.168.0.11,192.168.0.12,2700,1.7625765e+09,1.76257656e+09,898,1,1,59.80093908,45.0,0.022222386,0.062582909,0.0,0.208190203
29376275,192.168.0.12,192.168.0.11,900,1.7625765e+09,1.76257656e+09,300,1,1,59.80002093,15.0,0.066666908,0.094176371,0.0,0.200750113
29376275,192.168.0.21,192.168.0.11,2880,1.7625765e+09,1.76257656e+09,951,1,1,59.50160909,48.0,0.020833261,0.099724131,0.0,0.500400782
29376275,192.168.0.21,192.168.0.12,1800,1.7625765e+09,1.76257656e+09,597,1,1,59.50128984,30.0,0.03333326,0.124561065,0.0,0.500636816
29376276,192.168.0.11,192.168.0.12,2700,1.76257656e+09,1.76257662e+09,892,1,1,59.80082703,45.0,0.022222284,0.062599064,0.0,0.208444118
29376276,192.168.0.12,192.168.0.11,900,1.76257656e+09,1.76257662e+09,299,1,1,59.8003509,15.0,0.06666712,0.09417525,0.0,0.20134902
29376276,192.168.0.21,192.168.0.11,2880,1.76257656e+09,1.76257662e+09,953,1,1,59.50128102,48.0,0.020833149,0.099722217,0.0,0.500218868
29376276,192.168.0.21,192.168.0.12,1800,1.76257656e+09,1.76257662e+09,595,1,1,59.50119281,30.0,0.033333083,0.124573053,0.0,0.500721931
29376277,192.168.0.11,192.168.0.12,2700,1.76257662e+09,1.76257668e+09,894,1,1,59.80014801,45.0,0.022221961,0.06260749,0.0,0.202279091
29376277,192.168.0.12,192.168.0.11,900,1.76257662e+09,1.76257668e+09,299,1,1,59.7999773,15.0,0.066666566,0.094178731,0.0,0.201338053
29376277,192.168.0.21,192.168.0.11,2880,1.76257662e+09,1.76257668e+09,949,1,1,59.50141001,48.0,0.020833569,0.099692595,0.0,0.500256062
29376277,192.168.0.21,192.168.0.12,1800,1.76257662e+09,1.76257668e+09,597,1,1,59.50084281,30.0,0.033333709,0.124575825,0.0,0.500964165
29376218,192.168.0.11,192.168.0.12,2700,1.76257308e+09,1.76257314e+09,890,1,1,59.80130506,45.0,0.02222228,0.062572684,0.0,0.207777262
29376218,192.168.0.12,192.168.0.11,900,1.76257308e+09,1.76257314e+09,300,1,1,59.79993129,15.0,0.066666177,0.094176578,0.0,0.200961113
29376218,192.168.0.21,192.168.0.11,2880,1.76257308e+09,1.76257314e+09,955,1,1,59.50067496,48.0,0.020833341,0.09970114,0.0,0.500558853
29376218,192.168.0.21,192.168.0.12,1800,1.76257308e+09,1.76257314e+09,597,1,1,59.50023317,30.0,0.033333352,0.124560497,0.0,0.500841856
29376219,192.168.0.11,192.168.0.12,2700,1.76257314e+09,1.7625732e+09,896,1,1,59.80057907,45.0,0.022222264,0.062591393,0.0,0.207508087
29376219,192.168.0.12,192.168.0.11,900,1.76257314e+09,1.7625732e+09,299,1,1,59.80009484,15.0,0.06666741,0.094173762,0.0,0.201897383
29376219,192.168.0.21,192.168.0.11,2880,1.76257314e+09,1.7625732e+09,954,1,1,59.50063896,48.0,0.020833324,0.099698081,0.0,0.5004282
29376219,192.168.0.21,192.168.0.12,1800,1.76257314e+09,1.7625732e+09,595,1,1,59.50040388,30.0,0.033333165,0.124611082,0.0,0.501123905
29376220,192.168.0.11,192.168.0.12,2700,1.7625732e+09,1.76257326e+09,897,1,1,59.80069685,45.0,0.022222096,0.062570734,0.0,0.20793128
29376220,192.168.0.12,192.168.0.11,900,1.7625732e+09,1.76257326e+09,300,1,1,59.80001402,15.0,0.066666032,0.094169193,0.0,0.200860977
29376220,192.168.0.21,192.168.0.11,2880,1.7625732e+09,1.76257326e+09,950,1,1,59.50084496,48.0,0.020833329,0.099705948,0.0,0.500282049
29376220,192.168.0.21,192.168.0.12,1800,1.7625732e+09,1.76257326e+09,600,1,1,59.50029683,30.0,0.033333295,0.124626546,0.0,0.500965834
29376221,192.168.0.11,192.168.0.12,2700,1.76257326e+09,1.76257332e+09,893,1,1,59.80063009,45.0,0.022222343,0.062597997,0.0,0.207887888
29376221,192.168.0.12,192.168.0.11,900,1.76257326e+09,1.76257332e+09,300,1,1,59.8008709,15.0,0.066667642,0.094168182,0.0,0.200815916
29376221,192.168.0.21,192.168.0.11,2880,1.76257326e+09,1.76257332e+09,951,1,1,59.50109076,48.0,0.020833327,0.099723255,0.0,0.500385046
29376221,192.168.0.21,192.168.0.12,1800,1.76257326e+09,1.76257332e+09,597,1,1,59.50109792,30.0,0.033333533,0.124572783,0.0,0.500848532
29376206,192.168.0.11,192.168.0.12,2700,1.76257236e+09,1.76257242e+09,888,1,1,59.80036306,45.0,0.022221897,0.062595051,0.0,0.20109129
29376206,192.168.0.12,192.168.0.11,900,1.76257236e+09,1.76257242e+09,300,1,1,59.79998279,15.0,0.066664883,0.094178644,0.0,0.201341867
29376206,192.168.0.21,192.168.0.11,2880,1.76257236e+09,1.76257242e+09,950,1,1,59.50143075,48.0,0.020833614,0.099682675,0.0,0.500191927
29376206,192.168.0.21,192.168.0.12,1800,1.76257236e+09,1.76257242e+09,599,1,1,59.50065303,30.0,0.033333788,0.124602576,0.0,0.500690937
29376207,192.168.0.11,192.168.0.12,2700,1.76257242e+09,1.76257248e+09,892,1,1,59.80100107,45.0,0.022222423,0.062594625,0.0,0.202506065
29376207,192.168.0.12,192.168.0.11,900,1.76257242e+09,1.76257248e+09,299,1,1,59.79952598,15.0,0.066666563,0.094174533,0.0,0.200736046
29376207,192.168.0.21,192.168.0.11,2880,1.76257242e+09,1.76257248e+09,956,1,1,59.5016191,48.0,0.020833246,0.099719913,0.0,0.50056386
29376207,192.168.0.21,192.168.0.12,1800,1.76257242e+09,1.76257248e+09,596,1,1,59.50100708,30.0,0.033333204,0.124612299,0.0,0.500993729
29376208,192.168.0.11,192.168.0.12,2700,1.76257248e+09,1.76257254e+09,891,1,1,59.80050302,45.0,0.022221977,0.062593451,0.0,0.202679873
29376208,192.168.0.12,192.168.0.11,900,1.76257248e+09,1.76257254e+09,300,1,1,59.80072093,15.0,0.066667259,0.094179756,0.0,0.200655699
29376208,192.168.0.21,192.168.0.11,2880,1.76257248e+09,1.76257254e+09,952,1,1,59.50043511,48.0,0.020833142,0.099681417,0.0,0.500114202
29376208,192.168.0.21,192.168.0.12,1800,1.76257248e+09,1.76257254e+09,598,1,1,59.50002289,30.0,0.033333027,0.124606407,0.0,0.500739098
29376209,192.168.0.11,192.168.0.12,2700,1.76257254e+09,1.7625726e+09,893,1,1,59.80042291,45.0,0.02222232,0.062588324,0.0,0.200976133
29376209,192.168.0.12,192.168.0.11,902,1.76257254e+09,1.7625726e+09,300,1,1,59.99963617,15.03333333,0.066739562,0.09419534,0.0,0.201341391
29376209,192.168.0.21,192.168.0.11,2880,1.76257254e+09,1.7625726e+09,955,1,1,59.50154805,48.0,0.020833678,0.099676832,0.0,0.499758005
29376209,192.168.0.21,192.168.0.12,1800,1.76257254e+09,1.7625726e+09,597,1,1,59.50085902,30.0,0.033333884,0.124608844,0.0,0.500630856
29376198,192.168.0.11,192.168.0.12,2700,1.76257188e+09,1.76257194e+09,898,1,1,59.80201316,45.0,0.022222516,0.062579836,0.0,0.218780756
29376198,192.168.0.12,192.168.0.11,900,1.76257188e+09,1.76257194e+09,298,1,1,59.79966807,15.0,0.066666124,0.094172939,0.0,0.201407194
29376198,192.168.0.21,192.168.0.11,2880,1.76257188e+09,1.76257194e+09,956,1,1,59.50139999,48.0,0.020833414,0.099692724,0.0,0.49992013
29376198,192.168.0.21,192.168.0.12,1800,1.76257188e+09,1.76257194e+09,598,1,1,59.5009048,30.0,0.033333453,0.124606626,0.0,0.500475883
29376199,192.168.0.11,192.168.0.12,2700,1.76257194e+09,1.762572e+09,892,1,1,59.80032492,45.0,0.022221653,0.062586092,0.0,0.202961922
29376199,192.168.0.12,192.168.0.11,900,1.76257194e+09,1.762572e+09,299,1,1,59.80021715,15.0,0.066667121,0.094175622,0.0,0.201050758
29376199,192.168.0.21,192.168.0.11,2880,1.76257194e+09,1.762572e+09,947,1,1,59.50093198,48.0,0.020833293,0.099700863,0.0,0.500218153
29376199,192.168.0.21,192.168.0.12,1800,1.76257194e+09,1.762572e+09,596,1,1,59.50045681,30.0,0.033333261,0.124612507,0.0,0.500740767
29376200,192.168.0.11,192.168.0.12,2700,1.762572e+09,1.76257206e+09,894,1,1,59.80108261,45.0,0.022222365,0.06257167,0.0,0.202826023
29376200,192.168.0.12,192.168.0.11,900,1.762572e+09,1.76257206e+09,299,1,1,59.80082774,15.0,0.066666947,0.094173072,0.0,0.200694084
29376200,192.168.0.21,192.168.0.11,2880,1.762572e+09,1.76257206e+09,954,1,1,59.5012908,48.0,0.020833475,0.099688648,0.0,0.500002861
29376200,192.168.0.21,192.168.0.12,1800,1.762572e+09,1.76257206e+09,597,1,1,59.50085998,30.0,0.033333587,0.124612538,0.0,0.500299931
29376201,192.168.0.11,192.168.0.12,2700,1.76257206e+09,1.76257212e+09,893,1,1,59.80050302,45.0,0.022222208,0.062594708,0.0,0.208372831
29376201,192.168.0.12,192.168.0.11,900,1.76257206e+09,1.76257212e+09,300,1,1,59.80053711,15.0,0.06666669,0.09417536,0.0,0.201075792
29376201,192.168.0.21,192.168.0.11,2880,1.76257206e+09,1.76257212e+09,947,1,1,59.50123715,48.0,0.020833153,0.099684534,0.0,0.49971199
29376201,192.168.0.21,192.168.0.12,1800,1.76257206e+09,1.76257212e+09,596,1,1,59.50040889,30.0,0.033333044,0.124602034,0.0,0.500335932
29376294,192.168.0.11,192.168.0.12,2700,1.76257764e+09,1.7625777e+09,892,1,1,59.80128813,45.0,0.022222372,0.062599344,0.0,0.203020096
29376294,192.168.0.12,192.168.0.11,900,1.76257764e+09,1.7625777e+09,300,1,1,59.80010581,15.0,0.066666666,0.094175795,0.0,0.201028347
29376294,192.168.0.21,192.168.0.11,2880,1.76257764e+09,1.7625777e+09,951,1,1,59.50137019,48.0,0.020833141,0.099670664,0.0,0.499852657
29376294,192.168.0.21,192.168.0.12,1800,1.76257764e+09,1.7625777e+09,596,1,1,59.50081706,30.0,0.033332996,0.124570934,0.0,0.500592232
29376295,192.168.0.11,192.168.0.12,2700,1.7625777e+09,1.76257776e+09,894,1,1,59.8013308,45.0,0.022222377,0.062591837,0.0,0.200941324
29376295,192.168.0.12,192.168.0.11,900,1.7625777e+09,1.76257776e+09,298,1,1,59.7999599,15.0,0.066666774,0.094172073,0.0,0.200991869
29376295,192.168.0.21,192.168.0.11,2880,1.7625777e+09,1.76257776e+09,957,1,1,59.50154495,48.0,0.020833504,0.099674218,0.0,0.499998093
29376295,192.168.0.21,192.168.0.12,1800,1.7625777e+09,1.76257776e+09,598,1,1,59.50111198,30.0,0.033333634,0.124576235,0.0,0.500691891
29376296,192.168.0.11,192.168.0.12,2700,1.76257776e+09,1.76257782e+09,896,1,1,59.80069852,45.0,0.022222043,0.062566907,0.0,0.202013254
29376296,192.168.0.12,192.168.0.11,900,1.76257776e+09,1.76257782e+09,299,1,1,59.79984474,15.0,0.066666342,0.094182176,0.0,0.200706959
29376296,192.168.0.21,192.168.0.11,2880,1.76257776e+09,1.76257782e+09,953,1,1,59.50133204,48.0,0.020833087,0.099693362,0.0,0.499926329
29376296,192.168.0.21,192.168.0.12,1800,1.76257776e+09,1.76257782e+09,597,1,1,59.5007329,30.0,0.033332927,0.12454104,0.0,0.500666142
29376297,192.168.0.11,192.168.0.12,2700,1.76257782e+09,1.76257788e+09,897,1,1,59.80103493,45.0,0.022222351,0.062589563,0.0,0.201018095
29376297,192.168.0.12,192.168.0.11,900,1.76257782e+09,1.76257788e+09,300,1,1,59.79996395,15.0,0.066666971,0.09417744,0.0,0.201120138
29376297,192.168.0.21,192.168.0.11,2880,1.76257782e+09,1.76257788e+09,950,1,1,59.50102305,48.0,0.020833257,0.099684952,0.0,0.49987793
29376297,192.168.0.21,192.168.0.12,1800,1.76257782e+09,1.76257788e+09,596,1,1,59.5004878,30.0,0.033333257,0.124569571,0.0,0.500762224
29376242,192.168.0.11,192.168.0.12,2700,1.76257452e+09,1.76257458e+09,893,1,1,59.80146194,45.0,0.022222387,0.062584862,0.0,0.208160162
29376242,192.168.0.12,192.168.0.11,900,1.76257452e+09,1.76257458e+09,299,1,1,59.80043221,15.0,0.066666239,0.09417344,0.0,0.201246738
29376242,192.168.0.21,192.168.0.11,2880,1.76257452e+09,1.76257458e+09,952,1,1,59.50121808,48.0,0.020833492,0.09968353,0.0,0.500101805
29376242,192.168.0.21,192.168.0.12,1800,1.76257452e+09,1.76257458e+09,596,1,1,59.5007627,30.0,0.033333513,0.12453934,0.0,0.500720024
29376243,192.168.0.11,192.168.0.12,2700,1.76257458e+09,1.76257464e+09,898,1,1,59.80053234,45.0,0.022222231,0.062584047,0.0,0.201304436
29376243,192.168.0.12,192.168.0.11,902,1.76257458e+09,1.76257464e+09,301,1,1,59.99949121,15.03333333,0.066739916,0.094201985,0.0,0.201313257
29376243,192.168.0.21,192.168.0.11,2880,1.76257458e+09,1.76257464e+09,952,1,1,59.50270867,48.0,0.020833713,0.099682171,0.0,0.500030041
29376243,192.168.0.21,192.168.0.12,1800,1.76257458e+09,1.76257464e+09,599,1,1,59.50190806,30.0,0.033333915,0.124569791,0.0,0.500464916
29376244,192.168.0.11,192.168.0.12,2700,1.76257464e+09,1.7625747e+09,892,1,1,59.80102682,45.0,0.022222239,0.062584519,0.0,0.201534986
29376244,192.168.0.12,192.168.0.11,898,1.76257464e+09,1.7625747e+09,300,1,1,59.80034184,14.96666667,0.066593023,0.09415248,0.0,0.201148987
29376244,192.168.0.21,192.168.0.11,2880,1.76257464e+09,1.7625747e+09,954,1,1,59.50206876,48.0,0.020833167,0.099712535,0.0,0.500260353
29376244,192.168.0.21,192.168.0.12,1800,1.76257464e+09,1.7625747e+09,596,1,1,59.50179887,30.0,0.033333016,0.124581213,0.0,0.500794172
29376245,192.168.0.11,192.168.0.12,2700,1.7625747e+09,1.76257476e+09,892,1,1,59.80087972,45.0,0.022222095,0.062581242,0.0,0.201487064
29376245,192.168.0.12,192.168.0.11,900,1.7625747e+09,1.76257476e+09,298,1,1,59.80056572,15.0,0.066667333,0.094173309,0.0,0.200780153
29376245,192.168.0.21,192.168.0.11,2880,1.7625747e+09,1.76257476e+09,953,1,1,59.50198174,48.0,0.020833381,0.099683655,0.0,0.500056028
29376245,192.168.0.21,192.168.0.12,1800,1.7625747e+09,1.76257476e+09,599,1,1,59.50167799,30.0,0.033333458,0.124568403,0.0,0.500398874
29376222,192.168.0.11,192.168.0.12,2700,1.76257332e+09,1.76257338e+09,892,1,1,59.80073643,45.0,0.022222095,0.062584057,0.0,0.207688808
29376222,192.168.0.12,192.168.0.11,900,1.76257332e+09,1.76257338e+09,299,1,1,59.80108762,15.0,0.066666719,0.094173058,0.0,0.200756311
29376222,192.168.0.21,192.168.0.11,2880,1.76257332e+09,1.76257338e+09,952,1,1,59.50081706,48.0,0.020833234,0.09970181,0.0,0.500937939
29376222,192.168.0.21,192.168.0.12,1800,1.76257332e+09,1.76257338e+09,598,1,1,59.50043988,30.0,0.033333095,0.124583069,0.0,0.501320124
29376223,192.168.0.11,192.168.0.12,2700,1.76257338e+09,1.76257344e+09,897,1,1,59.80123568,45.0,0.022222345,0.062584991,0.0,0.20768404
29376223,192.168.0.12,192.168.0.11,900,1.76257338e+09,1.76257344e+09,298,1,1,59.79933095,15.0,0.06666561,0.094170698,0.0,0.201449156
29376223,192.168.0.21,192.168.0.11,2880,1.76257338e+09,1.76257344e+09,957,1,1,59.50091672,48.0,0.020833354,0.099700038,0.0,0.500463963
29376223,192.168.0.21,192.168.0.12,1800,1.76257338e+09,1.76257344e+09,600,1,1,59.50035906,30.0,0.033333268,0.124585766,0.0,0.501072884
29376224,192.168.0.11,192.168.0.12,2700,1.76257344e+09,1.7625735e+09,894,1,1,59.80078077,45.0,0.022222153,0.062584609,0.0,0.207641125
29376224,192.168.0.12,192.168.0.11,900,1.76257344e+09,1.7625735e+09,299,1,1,59.80019093,15.0,0.066666829,0.094180227,0.0,0.20125699
29376224,192.168.0.21,192.168.0.11,2880,1.76257344e+09,1.7625735e+09,953,1,1,59.5013907,48.0,0.020833501,0.099702055,0.0,0.500115633
29376224,192.168.0.21,192.168.0.12,1800,1.76257344e+09,1.7625735e+09,596,1,1,59.5008924,30.0,0.033333672,0.124596073,0.0,0.500710011
29376225,192.168.0.11,192.168.0.12,2700,1.7625735e+09,1.76257356e+09,893,1,1,59.801018,45.0,0.022222303,0.062572567,0.0,0.203190088
29376225,192.168.0.12,192.168.0.11,900,1.7625735e+09,1.76257356e+09,300,1,1,59.80051112,15.0,0.066667098,0.094175486,0.0,0.201113939
29376225,192.168.0.21,192.168.0.11,2880,1.7625735e+09,1.76257356e+09,951,1,1,59.50201702,48.0,0.020833456,0.099743928,0.0,0.50066781
29376225,192.168.0.21,192.168.0.12,1800,1.7625735e+09,1.76257356e+09,597,1,1,59.50172997,30.0,0.033333536,0.124603992,0.0,0.500987053
29376270,192.168.0.11,192.168.0.12,2700,1.7625762e+09,1.76257626e+09,895,1,1,59.80108166,45.0,0.022222275,0.062582364,0.0,0.203047752
29376270,192.168.0.12,192.168.0.11,900,1.7625762e+09,1.76257626e+09,300,1,1,59.79959774,15.0,0.066665847,0.094176101,0.0,0.201148272
29376270,192.168.0.21,192.168.0.11,2880,1.7625762e+09,1.76257626e+09,952,1,1,59.50114679,48.0,0.020833449,0.099734299,0.0,0.50046587
29376270,192.168.0.21,192.168.0.12,1800,1.7625762e+09,1.76257626e+09,597,1,1,59.50065398,30.0,0.033333392,0.12456462,0.0,0.501037359
29376271,192.168.0.11,192.168.0.12,2700,1.76257626e+09,1.76257632e+09,895,1,1,59.80063295,45.0,0.022222087,0.062573105,0.0,0.20330143
29376271,192.168.0.12,192.168.0.11,902,1.76257626e+09,1.76257632e+09,301,1,1,59.999331,15.03333333,0.066740199,0.094204465,0.0,0.201279163
29376271,192.168.0.21,192.168.0.11,2880,1.76257626e+09,1.76257632e+09,952,1,1,59.50062895,48.0,0.020833234,0.099733668,0.0,0.500289917
29376271,192.168.0.21,192.168.0.12,1800,1.76257626e+09,1.76257632e+09,597,1,1,59.50054121,30.0,0.033333254,0.124585909,0.0,0.500683069
29376272,192.168.0.11,192.168.0.12,2700,1.76257632e+09,1.76257638e+09,897,1,1,59.79865193,45.0,0.02222207,0.062591549,0.0,0.207899332
29376272,192.168.0.12,192.168.0.11,898,1.76257632e+09,1.76257638e+09,300,1,1,59.80019403,14.96666667,0.066592874,0.094152698,0.0,0.200688124
29376272,192.168.0.21,192.168.0.11,2880,1.76257632e+09,1.76257638e+09,960,1,1,59.50080395,48.0,0.020833285,0.099740778,0.0,0.500626802
29376272,192.168.0.21,192.168.0.12,1800,1.76257632e+09,1.76257638e+09,599,1,1,59.50040579,30.0,0.03333317,0.124568194,0.0,0.500789881
29376273,192.168.0.11,192.168.0.12,2700,1.76257638e+09,1.76257644e+09,897,1,1,59.80037284,45.0,0.022222279,0.062584843,0.0,0.207491159
29376273,192.168.0.12,192.168.0.11,902,1.76257638e+09,1.76257644e+09,301,1,1,59.99964213,15.03333333,0.066739995,0.094204357,0.0,0.200704098
29376273,192.168.0.21,192.168.0.11,2880,1.76257638e+09,1.76257644e+09,955,1,1,59.50064087,48.0,0.020833293,0.099746695,0.0,0.500384808
29376273,192.168.0.21,192.168.0.12,1800,1.76257638e+09,1.76257644e+09,597,1,1,59.5003264,30.0,0.033333225,0.124595044,0.0,0.500471115
29376282,192.168.0.11,192.168.0.12,2700,1.76257692e+09,1.76257698e+09,896,1,1,59.80121708,45.0,0.022222489,0.062584406,0.0,0.200946093
29376282,192.168.0.12,192.168.0.11,900,1.76257692e+09,1.76257698e+09,298,1,1,59.80025172,15.0,0.066666672,0.094177383,0.0,0.200830936
29376282,192.168.0.21,192.168.0.11,2880,1.76257692e+09,1.76257698e+09,952,1,1,59.50102782,48.0,0.02083339,0.099693873,0.0,0.499960899
29376282,192.168.0.21,192.168.0.12,1800,1.76257692e+09,1.76257698e+09,598,1,1,59.50091505,30.0,0.033333599,0.124558563,0.0,0.50099206
29376283,192.168.0.11,192.168.0.12,2700,1.76257698e+09,1.76257704e+09,892,1,1,59.80127978,45.0,0.022222284,0.062571099,0.0,0.201961279
29376283,192.168.0.12,192.168.0.11,900,1.76257698e+09,1.76257704e+09,300,1,1,59.79994702,15.0,0.066666018,0.09417737,0.0,0.201155901
29376283,192.168.0.21,192.168.0.11,2880,1.76257698e+09,1.76257704e+09,956,1,1,59.50154781,48.0,0.020833278,0.099713149,0.0,0.49995327
29376283,192.168.0.21,192.168.0.12,1800,1.76257698e+09,1.76257704e+09,598,1,1,59.50096107,30.0,0.033333258,0.124562483,0.0,0.500481129
29376284,192.168.0.11,192.168.0.12,2700,1.76257704e+09,1.7625771e+09,895,1,1,59.80035901,45.0,0.022222023,0.062579057,0.0,0.207966089
29376284,192.168.0.12,192.168.0.11,900,1.76257704e+09,1.7625771e+09,300,1,1,59.80011892,15.0,0.066666647,0.094171163,0.0,0.200794935
29376284,192.168.0.21,192.168.0.11,2880,1.76257704e+09,1.7625771e+09,956,1,1,59.50096297,48.0,0.02083305,0.099717193,0.0,0.500178814
29376284,192.168.0.21,192.168.0.12,1800,1.76257704e+09,1.7625771e+09,594,1,1,59.50048804,30.0,0.033332761,0.124572023,0.0,0.500643015
29376285,192.168.0.11,192.168.0.12,2700,1.7625771e+09,1.76257716e+09,895,1,1,59.8010776,45.0,0.022222409,0.062572177,0.0,0.201043129
29376285,192.168.0.12,192.168.0.11,900,1.7625771e+09,1.76257716e+09,300,1,1,59.80009294,15.0,0.066667405,0.094179257,0.0,0.200870991
29376285,192.168.0.21,192.168.0.11,2880,1.7625771e+09,1.76257716e+09,953,1,1,59.50138354,48.0,0.02083358,0.099746614,0.0,0.500473738
29376285,192.168.0.21,192.168.0.12,1800,1.7625771e+09,1.76257716e+09,596,1,1,59.501302,30.0,0.033333711,0.124595556,0.0,0.500849724
29376302,192.168.0.11,192.168.0.12,2700,1.76257812e+09,1.76257818e+09,892,1,1,59.80089879,45.0,0.02222206,0.062596745,0.0,0.202849865
29376302,192.168.0.12,192.168.0.11,900,1.76257812e+09,1.76257818e+09,300,1,1,59.79981017,15.0,0.066666327,0.094170501,0.0,0.200760126
29376302,192.168.0.21,192.168.0.11,2880,1.76257812e+09,1.76257818e+09,954,1,1,59.50103593,48.0,0.02083304,0.099696456,0.0,0.500066042
29376302,192.168.0.21,192.168.0.12,1800,1.76257812e+09,1.76257818e+09,599,1,1,59.5004971,30.0,0.033332792,0.124601874,0.0,0.500505924
29376303,192.168.0.11,192.168.0.12,2700,1.76257818e+09,1.76257824e+09,892,1,1,59.80032897,45.0,0.022222216,0.062575365,0.0,0.200944185
29376303,192.168.0.12,192.168.0.11,900,1.76257818e+09,1.76257824e+09,298,1,1,59.79999232,15.0,0.066666365,0.094171269,0.0,0.200970173
29376303,192.168.0.21,192.168.0.11,2880,1.76257818e+09,1.76257824e+09,955,1,1,59.5016551,48.0,0.020833553,0.099707544,0.0,0.500090122
29376303,192.168.0.21,192.168.0.12,1800,1.76257818e+09,1.76257824e+09,598,1,1,59.50112891,30.0,0.0333338,0.124597607,0.0,0.501071692
29376304,192.168.0.11,192.168.0.12,2700,1.76257824e+09,1.7625783e+09,895,1,1,59.80032992,45.0,0.022222149,0.062573764,0.0,0.207898855
29376304,192.168.0.12,192.168.0.11,900,1.76257824e+09,1.7625783e+09,300,1,1,59.80076504,15.0,0.06666726,0.094171623,0.0,0.200873137
29376304,192.168.0.21,192.168.0.11,2880,1.76257824e+09,1.7625783e+09,951,1,1,59.49985003,48.0,0.020832756,0.099725894,0.0,0.500256062
29376304,192.168.0.21,192.168.0.12,1800,1.76257824e+09,1.7625783e+09,597,1,1,59.49968171,30.0,0.033332395,0.124571004,0.0,0.500630856
29376305,192.168.0.11,192.168.0.12,2700,1.7625783e+09,1.76257836e+09,892,1,1,59.80118895,45.0,0.022222362,0.062582022,0.0,0.208139181
29376305,192.168.0.12,192.168.0.11,900,1.7625783e+09,1.76257836e+09,300,1,1,59.79958987,15.0,0.066665955,0.094176795,0.0,0.200658798
29376305,192.168.0.21,192.168.0.11,2880,1.7625783e+09,1.76257836e+09,951,1,1,59.50110102,48.0,0.020833698,0.099731236,0.0,0.500280857
29376305,192.168.0.21,192.168.0.12,1800,1.7625783e+09,1.76257836e+09,599,1,1,59.500916,30.0,0.033333835,0.12458247,0.0,0.500684977
29376202,192.168.0.11,192.168.0.12,2700,1.76257212e+09,1.76257218e+09,895,1,1,59.80105686,45.0,0.0222222,0.062593753,0.0,0.20261097
29376202,192.168.0.12,192.168.0.11,900,1.76257212e+09,1.76257218e+09,300,1,1,59.80029392,15.0,0.0666666,0.09418746,0.0,0.201276064
29376202,192.168.0.21,192.168.0.11,2880,1.76257212e+09,1.76257218e+09,956,1,1,59.50146794,48.0,0.020833483,0.099690495,0.0,0.500011921
29376202,192.168.0.21,192.168.0.12,1800,1.76257212e+09,1.76257218e+09,598,1,1,59.50071192,30.0,0.033333597,0.124611066,0.0,0.500596046
29376203,192.168.0.11,192.168.0.12,2700,1.76257218e+09,1.76257224e+09,893,1,1,59.80024481,45.0,0.022222218,0.062585011,0.0,0.201086998
29376203,192.168.0.12,192.168.0.11,902,1.76257218e+09,1.76257224e+09,300,1,1,59.99938822,15.03333333,0.066739581,0.094203723,0.0,0.200763941
29376203,192.168.0.21,192.168.0.11,2880,1.76257218e+09,1.76257224e+09,955,1,1,59.50064397,48.0,0.02083318,0.099701381,0.0,0.499752283
29376203,192.168.0.21,192.168.0.12,1800,1.76257218e+09,1.76257224e+09,597,1,1,59.50009012,30.0,0.033333063,0.124613048,0.0,0.500304937
29376204,192.168.0.11,192.168.0.12,2700,1.76257224e+09,1.7625723e+09,895,1,1,59.80082083,45.0,0.02222212,0.062582944,0.0,0.207649231
29376204,192.168.0.12,192.168.0.11,900,1.76257224e+09,1.7625723e+09,300,1,1,59.99976611,15.0,0.06666664,0.094178573,0.0,0.201897144
29376204,192.168.0.21,192.168.0.11,2880,1.76257224e+09,1.7625723e+09,952,1,1,59.50198579,48.0,0.020833558,0.099705487,0.0,0.500378609
29376204,192.168.0.21,192.168.0.12,1800,1.76257224e+09,1.7625723e+09,599,1,1,59.50162911,30.0,0.033333715,0.124562741,0.0,0.500894785
29376205,192.168.0.11,192.168.0.12,2700,1.7625723e+09,1.76257236e+09,894,1,1,59.80143595,45.0,0.022222565,0.062570405,0.0,0.203016758
29376205,192.168.0.12,192.168.0.11,898,1.7625723e+09,1.76257236e+09,300,1,1,59.80197096,14.96666667,0.06659484,0.09415493,0.0,0.201503038
29376205,192.168.0.21,192.168.0.11,2880,1.7625723e+09,1.76257236e+09,955,1,1,59.50119591,48.0,0.020833072,0.099696101,0.0,0.5000422
29376205,192.168.0.21,192.168.0.12,1800,1.7625723e+09,1.76257236e+09,594,1,1,59.50045896,30.0,0.033332894,0.12458764,0.0,0.5004282
29376194,192.168.0.11,192.168.0.12,2700,1.76257164e+09,1.7625717e+09,896,1,1,59.79964066,45.0,0.022221702,0.062597958,0.0,0.208361387
29376194,192.168.0.12,192.168.0.11,900,1.76257164e+09,1.7625717e+09,298,1,1,59.79969406,15.0,0.066666563,0.094172804,0.0,0.200741053
29376194,192.168.0.21,192.168.0.11,2880,1.76257164e+09,1.7625717e+09,952,1,1,59.5012939,48.0,0.020833312,0.099685425,0.0,0.501211166
29376194,192.168.0.21,192.168.0.12,1800,1.76257164e+09,1.7625717e+09,594,1,1,59.50071716,30.0,0.033333358,0.124606948,0.0,0.501862049
29376195,192.168.0.11,192.168.0.12,2700,1.7625717e+09,1.76257176e+09,892,1,1,59.8002317,45.0,0.022222529,0.062588239,0.0,0.201419115
29376195,192.168.0.12,192.168.0.11,900,1.7625717e+09,1.76257176e+09,299,1,1,59.80055499,15.0,0.066667338,0.094174805,0.0,0.200919867
29376195,192.168.0.21,192.168.0.11,2880,1.7625717e+09,1.76257176e+09,956,1,1,59.50156403,48.0,0.020833349,0.099669068,0.0,0.499860287
29376195,192.168.0.21,192.168.0.12,1800,1.7625717e+09,1.76257176e+09,591,1,1,59.50094414,30.0,0.033333389,0.124610592,0.0,0.500596762
29376196,192.168.0.11,192.168.0.12,2700,1.76257176e+09,1.76257182e+09,894,1,1,59.80000305,45.0,0.02222234,0.062573229,0.0,0.200710058
29376196,192.168.0.12,192.168.0.11,900,1.76257176e+09,1.76257182e+09,300,1,1,59.80046988,15.0,0.066666972,0.094177239,0.0,0.200864792
29376196,192.168.0.21,192.168.0.11,2880,1.76257176e+09,1.76257182e+09,957,1,1,59.50170875,48.0,0.020833295,0.099667943,0.0,0.499696016
29376196,192.168.0.21,192.168.0.12,1800,1.76257176e+09,1.76257182e+09,591,1,1,59.50114298,30.0,0.03333327,0.124598608,0.0,0.500469923
29376197,192.168.0.11,192.168.0.12,2700,1.76257182e+09,1.76257188e+09,894,1,1,59.799932,45.0,0.022222368,0.062594824,0.0,0.208396196
29376197,192.168.0.12,192.168.0.11,900,1.76257182e+09,1.76257188e+09,300,1,1,59.79873633,15.0,0.066666394,0.094171774,0.0,0.201017857
29376197,192.168.0.21,192.168.0.11,2880,1.76257182e+09,1.76257188e+09,954,1,1,59.50098991,48.0,0.020833181,0.099682436,0.0,0.500032663
29376197,192.168.0.21,192.168.0.12,1800,1.76257182e+09,1.76257188e+09,599,1,1,59.50064516,30.0,0.033333,0.124612965,0.0,0.500670671
29376330,192.168.0.11,192.168.0.12,2700,1.7625798e+09,1.76257986e+09,896,1,1,59.80101681,45.0,0.022222356,0.062589595,0.0,0.207454205
29376330,192.168.0.12,192.168.0.11,900,1.7625798e+09,1.76257986e+09,299,1,1,59.80066991,15.0,0.066667172,0.094184289,0.0,0.201754093
29376330,192.168.0.21,192.168.0.11,2880,1.7625798e+09,1.76257986e+09,954,1,1,59.50136614,48.0,0.02083347,0.099741125,0.0,0.500574112
29376330,192.168.0.21,192.168.0.12,1800,1.7625798e+09,1.76257986e+09,597,1,1,59.50129175,30.0,0.033333606,0.124582733,0.0,0.500790834
29376331,192.168.0.11,192.168.0.12,2700,1.76257986e+09,1.76257992e+09,895,1,1,59.80035758,45.0,0.022222018,0.062629289,0.0,0.202829123
29376331,192.168.0.12,192.168.0.11,900,1.76257986e+09,1.76257992e+09,300,1,1,59.80000591,15.0,0.066665725,0.094187146,0.0,0.202005148
29376331,192.168.0.21,192.168.0.11,2880,1.76257986e+09,1.76257992e+09,953,1,1,59.50035906,48.0,0.020833256,0.099741771,0.0,0.500116825
29376331,192.168.0.21,192.168.0.12,1800,1.76257986e+09,1.76257992e+09,598,1,1,59.49991679,30.0,0.033333084,0.124592973,0.0,0.500743866
29376332,192.168.0.11,192.168.0.12,2700,1.76257992e+09,1.76257998e+09,893,1,1,59.80127287,45.0,0.022222429,0.062611819,0.0,0.202270031
29376332,192.168.0.12,192.168.0.11,900,1.76257992e+09,1.76257998e+09,299,1,1,59.79969788,15.0,0.066666675,0.094171794,0.0,0.200962067
29376332,192.168.0.21,192.168.0.11,2880,1.76257992e+09,1.76257998e+09,953,1,1,59.50151706,48.0,0.020833537,0.099750619,0.0,0.500139952
29376332,192.168.0.21,192.168.0.12,1800,1.76257992e+09,1.76257998e+09,598,1,1,59.50126386,30.0,0.033333708,0.124581172,0.0,0.500605106
29376333,192.168.0.11,192.168.0.12,2700,1.76257998e+09,1.76258004e+09,888,1,1,59.80143595,45.0,0.022222486,0.062613532,0.0,0.208662033
29376333,192.168.0.12,192.168.0.11,900,1.76257998e+09,1.76258004e+09,299,1,1,59.79982805,15.0,0.066666616,0.094178625,0.0,0.200843096
29376333,192.168.0.21,192.168.0.11,2880,1.76257998e+09,1.76258004e+09,952,1,1,59.50157356,48.0,0.020833581,0.099703897,0.0,0.500066519
29376333,192.168.0.21,192.168.0.12,1800,1.76257998e+09,1.76258004e+09,598,1,1,59.50160599,30.0,0.033333855,0.124578559,0.0,0.500564098
29376334,192.168.0.11,192.168.0.12,2700,1.76258004e+09,1.7625801e+09,894,1,1,59.80127764,45.0,0.022221896,0.062609713,0.0,0.207711935
29376334,192.168.0.12,192.168.0.11,900,1.76258004e+09,1.7625801e+09,299,1,1,59.80038929,15.0,0.066667053,0.094171957,0.0,0.200765848
29376334,192.168.0.21,192.168.0.11,2880,1.76258004e+09,1.7625801e+09,946,1,1,59.49991202,48.0,0.020832967,0.099675466,0.0,0.499871016
29376334,192.168.0.21,192.168.0.12,1800,1.76258004e+09,1.7625801e+09,600,1,1,59.49932218,30.0,0.033332654,0.124555083,0.0,0.500375032
29376335,192.168.0.11,192.168.0.12,2700,1.7625801e+09,1.76258016e+09,893,1,1,59.80088806,45.0,0.02222228,0.062622652,0.0,0.203732014
29376335,192.168.0.12,192.168.0.11,900,1.7625801e+09,1.76258016e+09,300,1,1,59.80065584,15.0,0.066667243,0.094173929,0.0,0.201233864
29376335,192.168.0.21,192.168.0.11,2880,1.7625801e+09,1.76258016e+09,948,1,1,59.50049996,48.0,0.02083335,0.099675841,0.0,0.500172138
29376335,192.168.0.21,192.168.0.12,1800,1.7625801e+09,1.76258016e+09,597,1,1,59.49997306,30.0,0.0333334,0.124562022,0.0,0.50052309
29376336,192.168.0.11,192.168.0.12,2700,1.76258016e+09,1.76258022e+09,892,1,1,59.80028772,45.0,0.022222024,0.062637267,0.0,0.200966835
29376336,192.168.0.12,192.168.0.11,900,1.76258016e+09,1.76258022e+09,300,1,1,59.80045509,15.0,0.066666293,0.094173308,0.0,0.200778723
29376336,192.168.0.21,192.168.0.11,2880,1.76258016e+09,1.76258022e+09,948,1,1,59.50162077,48.0,0.020833618,0.099687781,0.0,0.499848843
29376336,192.168.0.21,192.168.0.12,1800,1.76258016e+09,1.76258022e+09,598,1,1,59.50110102,30.0,0.033333786,0.12459123,0.0,0.500705004
29376337,192.168.0.11,192.168.0.12,2700,1.76258022e+09,1.76258028e+09,892,1,1,59.80074692,45.0,0.022222234,0.062626411,0.0,0.208296299
29376337,192.168.0.12,192.168.0.11,900,1.76258022e+09,1.76258028e+09,300,1,1,59.80038095,15.0,0.066666945,0.094172591,0.0,0.201047421
29376337,192.168.0.21,192.168.0.11,2880,1.76258022e+09,1.76258028e+09,948,1,1,59.50155973,48.0,0.020833242,0.099702761,0.0,0.500000954
29376337,192.168.0.21,192.168.0.12,1800,1.76258022e+09,1.76258028e+09,598,1,1,59.50129604,30.0,0.033333124,0.124608717,0.0,0.500554323
29376226,192.168.0.11,192.168.0.12,2700,1.76257356e+09,1.76257362e+09,895,1,1,59.80049706,45.0,0.022222176,0.062573263,0.0,0.203166246
29376226,192.168.0.12,192.168.0.11,900,1.76257356e+09,1.76257362e+09,299,1,1,59.80047798,15.0,0.066666647,0.094186603,0.0,0.201724052
29376226,192.168.0.21,192.168.0.11,2880,1.76257356e+09,1.76257362e+09,953,1,1,59.50083685,48.0,0.020832993,0.099742896,0.0,0.500602961
29376226,192.168.0.21,192.168.0.12,1800,1.76257356e+09,1.76257362e+09,596,1,1,59.50036287,30.0,0.033332759,0.124556219,0.0,0.500948668
29376227,192.168.0.11,192.168.0.12,2700,1.76257362e+09,1.76257368e+09,891,1,1,59.80157375,45.0,0.022222303,0.062571822,0.0,0.203271866
29376227,192.168.0.12,192.168.0.11,900,1.76257362e+09,1.76257368e+09,300,1,1,59.79991984,15.0,0.066666491,0.094180284,0.0,0.201109171
29376227,192.168.0.21,192.168.0.11,2880,1.76257362e+09,1.76257368e+09,954,1,1,59.50103593,48.0,0.020833464,0.09973555,0.0,0.500349045
29376227,192.168.0.21,192.168.0.12,1800,1.76257362e+09,1.76257368e+09,595,1,1,59.50099683,30.0,0.033333676,0.124580209,0.0,0.500747681
29376228,192.168.0.11,192.168.0.12,2700,1.76257368e+09,1.76257374e+09,893,1,1,59.80086374,45.0,0.022222096,0.06256935,0.0,0.203416109
29376228,192.168.0.12,192.168.0.11,902,1.76257368e+09,1.76257374e+09,300,1,1,59.99966598,15.03333333,0.066740008,0.094197098,0.0,0.201379061
29376228,192.168.0.21,192.168.0.11,2880,1.76257368e+09,1.76257374e+09,953,1,1,59.50112486,48.0,0.020833406,0.099749928,0.0,0.500401735
29376228,192.168.0.21,192.168.0.12,1800,1.76257368e+09,1.76257374e+09,599,1,1,59.50094914,30.0,0.033333361,0.124565881,0.0,0.500607252
29376229,192.168.0.11,192.168.0.12,2700,1.76257374e+09,1.7625738e+09,898,1,1,59.80098486,45.0,0.022222197,0.062571465,0.0,0.208686113
29376229,192.168.0.12,192.168.0.11,898,1.76257374e+09,1.7625738e+09,300,1,1,59.80076933,14.96666667,0.066593511,0.094149952,0.0,0.200908184
29376229,192.168.0.21,192.168.0.11,2880,1.76257374e+09,1.7625738e+09,951,1,1,59.50137496,48.0,0.020833219,0.0997567,0.0,0.500192881
29376229,192.168.0.21,192.168.0.12,1800,1.76257374e+09,1.7625738e+09,599,1,1,59.50131392,30.0,0.033333223,0.124580511,0.0,0.500571251
29376298,192.168.0.11,192.168.0.12,2700,1.76257788e+09,1.76257794e+09,892,1,1,59.80078578,45.0,0.022222061,0.062571672,0.0,0.201681376
29376298,192.168.0.21,192.168.0.11,2880,1.76257788e+09,1.76257794e+09,959,1,1,59.50066805,48.0,0.020833285,0.099738249,0.0,0.499886036
29376298,192.168.0.21,192.168.0.12,1800,1.76257788e+09,1.76257794e+09,595,1,1,59.50054216,30.0,0.033333335,0.124573348,0.0,0.500284195
29376299,192.168.0.11,192.168.0.12,2700,1.76257794e+09,1.762578e+09,893,1,1,59.80054402,45.0,0.022222253,0.062570837,0.0,0.200929165
29376299,192.168.0.12,192.168.0.11,900,1.76257794e+09,1.762578e+09,299,1,1,59.80058098,15.0,0.066666498,0.094174726,0.0,0.201129198
29376299,192.168.0.21,192.168.0.11,2880,1.76257794e+09,1.762578e+09,953,1,1,59.50174117,48.0,0.020833827,0.099741256,0.0,0.500822067
29376299,192.168.0.21,192.168.0.12,1800,1.76257794e+09,1.762578e+09,596,1,1,59.50169706,30.0,0.033334116,0.124553512,0.0,0.501067877
29376300,192.168.0.11,192.168.0.12,2700,1.762578e+09,1.76257806e+09,892,1,1,59.80071402,45.0,0.022222285,0.062571805,0.0,0.203624964
29376300,192.168.0.12,192.168.0.11,900,1.762578e+09,1.76257806e+09,299,1,1,59.80018187,15.0,0.06666605,0.094185209,0.0,0.201209068
29376300,192.168.0.21,192.168.0.11,2880,1.762578e+09,1.76257806e+09,955,1,1,59.50113487,48.0,0.020833122,0.09973277,0.0,0.500281334
29376300,192.168.0.21,192.168.0.12,1800,1.762578e+09,1.76257806e+09,597,1,1,59.5006361,30.0,0.033332997,0.124570261,0.0,0.500427008
29376301,192.168.0.11,192.168.0.12,2700,1.76257806e+09,1.76257812e+09,892,1,1,59.80101204,45.0,0.022222314,0.062595494,0.0,0.203366756
29376301,192.168.0.12,192.168.0.11,900,1.76257806e+09,1.76257812e+09,297,1,1,59.80055404,15.0,0.066667367,0.094192995,0.0,0.202178717
29376301,192.168.0.21,192.168.0.11,2880,1.76257806e+09,1.76257812e+09,953,1,1,59.50221181,48.0,0.02083352,0.09973163,0.0,0.500277996
29376301,192.168.0.21,192.168.0.12,1800,1.76257806e+09,1.76257812e+09,600,1,1,59.50201488,30.0,0.03333355,0.12456753,0.0,0.500944853
29376298,192.168.0.12,192.168.0.11,900,1.76257788e+09,1.76257794e+09,299,1,1,59.80061173,15.0,0.066666925,0.094174056,0.0,0.200835943
29376310,192.168.0.11,192.168.0.12,2700,1.7625786e+09,1.76257866e+09,892,1,1,59.8009367,45.0,0.022222135,0.062574691,0.0,0.201739073
29376310,192.168.0.12,192.168.0.11,900,1.7625786e+09,1.76257866e+09,297,1,1,59.8000021,15.0,0.066666776,0.094176138,0.0,0.201339006
29376310,192.168.0.21,192.168.0.11,2880,1.7625786e+09,1.76257866e+09,953,1,1,59.50137711,48.0,0.020833621,0.099721682,0.0,0.500103712
29376310,192.168.0.21,192.168.0.12,1800,1.7625786e+09,1.76257866e+09,598,1,1,59.50107312,30.0,0.033333813,0.124556227,0.0,0.500387192
29376311,192.168.0.11,192.168.0.12,2700,1.76257866e+09,1.76257872e+09,890,1,1,59.80067968,45.0,0.022222051,0.062593369,0.0,0.201501608
29376311,192.168.0.12,192.168.0.11,900,1.76257866e+09,1.76257872e+09,299,1,1,59.80082583,15.0,0.066667081,0.094178291,0.0,0.201262236
29376311,192.168.0.21,192.168.0.11,2880,1.76257866e+09,1.76257872e+09,946,1,1,59.50158119,48.0,0.020833216,0.099746054,0.0,0.50061512
29376311,192.168.0.21,192.168.0.12,1800,1.76257866e+09,1.76257872e+09,596,1,1,59.50152302,30.0,0.03333319,0.124558165,0.0,0.500956774
29376312,192.168.0.11,192.168.0.12,2700,1.76257872e+09,1.76257878e+09,896,1,1,59.801126,45.0,0.022222369,0.062583803,0.0,0.201507092
29376312,192.168.0.21,192.168.0.11,2880,1.76257872e+09,1.76257878e+09,953,1,1,59.50103498,48.0,0.020833391,0.099752323,0.0,0.500769138
29376312,192.168.0.21,192.168.0.12,1800,1.76257872e+09,1.76257878e+09,594,1,1,59.50133276,30.0,0.033333626,0.124556829,0.0,0.5007689
29376313,192.168.0.11,192.168.0.12,2700,1.76257878e+09,1.76257884e+09,893,1,1,59.80023909,45.0,0.022222155,0.062580462,0.0,0.201469898
29376313,192.168.0.12,192.168.0.11,900,1.76257878e+09,1.76257884e+09,299,1,1,59.80028987,15.0,0.066666464,0.094181359,0.0,0.202009201
29376313,192.168.0.21,192.168.0.11,2880,1.76257878e+09,1.76257884e+09,955,1,1,59.50133514,48.0,0.020833228,0.099727517,0.0,0.50009203
29376313,192.168.0.21,192.168.0.12,1800,1.76257878e+09,1.76257884e+09,599,1,1,59.50124574,30.0,0.033332994,0.124552092,0.0,0.500463963
29376312,192.168.0.12,192.168.0.11,900,1.76257872e+09,1.76257878e+09,300,1,1,59.80047894,15.0,0.066666701,0.094178847,0.0,0.202341318
29376250,192.168.0.11,192.168.0.12,2700,1.762575e+09,1.76257506e+09,897,1,1,59.8007791,45.0,0.022222283,0.062588143,0.0,0.202177286
29376250,192.168.0.12,192.168.0.11,902,1.762575e+09,1.76257506e+09,301,1,1,59.99967599,15.03333333,0.066739426,0.094200069,0.0,0.201726913
29376250,192.168.0.21,192.168.0.11,2880,1.762575e+09,1.76257506e+09,952,1,1,59.50102592,48.0,0.02083345,0.099709702,0.0,0.500221252
29376250,192.168.0.21,192.168.0.12,1800,1.762575e+09,1.76257506e+09,595,1,1,59.50058794,30.0,0.033333459,0.12459116,0.0,0.500775099
29376251,192.168.0.11,192.168.0.12,2700,1.76257506e+09,1.76257512e+09,893,1,1,59.80062771,45.0,0.022221983,0.062588169,0.0,0.202567101
29376251,192.168.0.21,192.168.0.11,2880,1.76257506e+09,1.76257512e+09,953,1,1,59.50136399,48.0,0.020833369,0.099728448,0.0,0.500108242
29376251,192.168.0.21,192.168.0.12,1800,1.76257506e+09,1.76257512e+09,597,1,1,59.5007658,30.0,0.03333341,0.12460474,0.0,0.500748873
29376252,192.168.0.11,192.168.0.12,2700,1.76257512e+09,1.76257518e+09,895,1,1,59.80082417,45.0,0.022222465,0.062578564,0.0,0.207998514
29376252,192.168.0.12,192.168.0.11,900,1.76257512e+09,1.76257518e+09,300,1,1,59.8000977,15.0,0.066666377,0.094176447,0.0,0.200731993
29376252,192.168.0.21,192.168.0.11,2880,1.76257512e+09,1.76257518e+09,955,1,1,59.50018001,48.0,0.020833174,0.099702808,0.0,0.500440836
29376252,192.168.0.21,192.168.0.12,1800,1.76257512e+09,1.76257518e+09,599,1,1,59.49981809,30.0,0.033333229,0.124592203,0.0,0.501104832
29376253,192.168.0.11,192.168.0.12,2700,1.76257518e+09,1.76257524e+09,897,1,1,59.80058861,45.0,0.022222027,0.062576844,0.0,0.20297122
29376253,192.168.0.12,192.168.0.11,900,1.76257518e+09,1.76257524e+09,299,1,1,59.80015111,15.0,0.066667269,0.094179068,0.0,0.200615168
29376253,192.168.0.21,192.168.0.11,2880,1.76257518e+09,1.76257524e+09,954,1,1,59.50020003,48.0,0.020833164,0.099709154,0.0,0.500329971
29376253,192.168.0.21,192.168.0.12,1800,1.76257518e+09,1.76257524e+09,598,1,1,59.49987197,30.0,0.033333027,0.124554022,0.0,0.500815868
29376251,192.168.0.12,192.168.0.11,898,1.76257506e+09,1.76257512e+09,298,1,1,59.80043006,14.96666667,0.066593135,0.094146517,0.0,0.201118946
29376318,192.168.0.11,192.168.0.12,2700,1.76257908e+09,1.76257914e+09,894,1,1,59.80103087,45.0,0.022222411,0.062580043,0.0,0.208137035
29376318,192.168.0.12,192.168.0.11,900,1.76257908e+09,1.76257914e+09,299,1,1,59.80054307,15.0,0.066666957,0.094175078,0.0,0.200759888
29376318,192.168.0.21,192.168.0.11,2880,1.76257908e+09,1.76257914e+09,958,1,1,59.502177,48.0,0.020833365,0.099696571,0.0,0.500225544
29376318,192.168.0.21,192.168.0.12,1800,1.76257908e+09,1.76257914e+09,597,1,1,59.50174093,30.0,0.033333383,0.12461156,0.0,0.500808716
29376319,192.168.0.11,192.168.0.12,2700,1.76257914e+09,1.7625792e+09,898,1,1,59.80025983,45.0,0.022222064,0.062584421,0.0,0.20839119
29376319,192.168.0.12,192.168.0.11,900,1.76257914e+09,1.7625792e+09,299,1,1,59.79939628,15.0,0.066666185,0.094170775,0.0,0.200582266
29376319,192.168.0.21,192.168.0.11,2880,1.76257914e+09,1.7625792e+09,953,1,1,59.50137615,48.0,0.020833148,0.09970665,0.0,0.500055075
29376319,192.168.0.21,192.168.0.12,1800,1.76257914e+09,1.7625792e+09,596,1,1,59.50074887,30.0,0.033332999,0.124612992,0.0,0.500660658
29376320,192.168.0.11,192.168.0.12,2700,1.7625792e+09,1.76257926e+09,894,1,1,59.80081987,45.0,0.02222213,0.062577364,0.0,0.20840621
29376320,192.168.0.12,192.168.0.11,900,1.7625792e+09,1.76257926e+09,300,1,1,59.79978085,15.0,0.066666715,0.094179054,0.0,0.201859951
29376320,192.168.0.21,192.168.0.11,2880,1.7625792e+09,1.76257926e+09,953,1,1,59.50157475,48.0,0.020833532,0.099705348,0.0,0.500450134
29376320,192.168.0.21,192.168.0.12,1800,1.7625792e+09,1.76257926e+09,598,1,1,59.50150394,30.0,0.033333801,0.124611392,0.0,0.50120306
29376321,192.168.0.12,192.168.0.11,900,1.76257926e+09,1.76257932e+09,300,1,1,59.8003881,15.0,0.066666976,0.094184603,0.0,0.200687885
29376321,192.168.0.21,192.168.0.11,2880,1.76257926e+09,1.76257932e+09,954,1,1,59.50077391,48.0,0.020833061,0.099699888,0.0,0.500052929
29376321,192.168.0.21,192.168.0.12,1800,1.76257926e+09,1.76257932e+09,595,1,1,59.50048661,30.0,0.033332799,0.124611704,0.0,0.500368834
29376321,192.168.0.11,192.168.0.12,2700,1.76257926e+09,1.76257932e+09,897,1,1,59.80170679,45.0,0.022222458,0.062574547,0.0,0.200968266
29376238,192.168.0.11,192.168.0.12,2700,1.76257428e+09,1.76257434e+09,898,1,1,59.80036974,45.0,0.022221895,0.062582974,0.0,0.209192038
29376238,192.168.0.12,192.168.0.11,900,1.76257428e+09,1.76257434e+09,300,1,1,59.80012321,15.0,0.066666253,0.094183551,0.0,0.201174974
29376238,192.168.0.21,192.168.0.11,2880,1.76257428e+09,1.76257434e+09,949,1,1,59.50154209,48.0,0.020833177,0.099673458,0.0,0.499764919
29376238,192.168.0.21,192.168.0.12,1800,1.76257428e+09,1.76257434e+09,599,1,1,59.50105,30.0,0.033333125,0.12459148,0.0,0.500540972
29376239,192.168.0.12,192.168.0.11,900,1.76257434e+09,1.7625744e+09,300,1,1,59.80073309,15.0,0.06666738,0.094165739,0.0,0.200724125
29376239,192.168.0.21,192.168.0.11,2880,1.76257434e+09,1.7625744e+09,954,1,1,59.50128007,48.0,0.020833581,0.099683451,0.0,0.500182152
29376239,192.168.0.21,192.168.0.12,1800,1.76257434e+09,1.7625744e+09,597,1,1,59.50050521,30.0,0.033333675,0.124599149,0.0,0.500645876
29376240,192.168.0.11,192.168.0.12,2700,1.7625744e+09,1.76257446e+09,897,1,1,59.80219316,45.0,0.022222691,0.062596547,0.0,0.208875179
29376240,192.168.0.12,192.168.0.11,900,1.7625744e+09,1.76257446e+09,299,1,1,59.79937005,15.0,0.066665844,0.094169982,0.0,0.201500177
29376240,192.168.0.21,192.168.0.11,2880,1.7625744e+09,1.76257446e+09,950,1,1,59.50111985,48.0,0.020833019,0.099668066,0.0,0.499866962
29376240,192.168.0.21,192.168.0.12,1800,1.7625744e+09,1.76257446e+09,598,1,1,59.50082493,30.0,0.033332992,0.124557146,0.0,0.500772238
29376241,192.168.0.11,192.168.0.12,2700,1.76257446e+09,1.76257452e+09,890,1,1,59.80038857,45.0,0.022221648,0.062586679,0.0,0.200858355
29376241,192.168.0.12,192.168.0.11,900,1.76257446e+09,1.76257452e+09,300,1,1,59.80058408,15.0,0.066667548,0.094172018,0.0,0.201283932
29376241,192.168.0.21,192.168.0.11,2880,1.76257446e+09,1.76257452e+09,950,1,1,59.50061083,48.0,0.020833258,0.099696363,0.0,0.500025034
29376241,192.168.0.21,192.168.0.12,1800,1.76257446e+09,1.76257452e+09,599,1,1,59.50037599,30.0,0.033333223,0.124545697,0.0,0.50039196
29376239,192.168.0.11,192.168.0.12,2700,1.76257434e+09,1.7625744e+09,895,1,1,59.80066919,45.0,0.022222345,0.062587267,0.0,0.201074123
29376210,192.168.0.11,192.168.0.12,2700,1.7625726e+09,1.76257266e+09,895,1,1,59.8010788,45.0,0.02222229,0.062571022,0.0,0.202376127
29376210,192.168.0.12,192.168.0.11,898,1.7625726e+09,1.76257266e+09,298,1,1,59.80064297,14.96666667,0.066593411,0.094145125,0.0,0.201577187
29376210,192.168.0.21,192.168.0.11,2880,1.7625726e+09,1.76257266e+09,957,1,1,59.50126076,48.0,0.020833077,0.099719,0.0,0.500313997
29376210,192.168.0.21,192.168.0.12,1800,1.7625726e+09,1.76257266e+09,596,1,1,59.50072765,30.0,0.03333293,0.124611704,0.0,0.500466108
29376211,192.168.0.11,192.168.0.12,2700,1.76257266e+09,1.76257272e+09,894,1,1,59.8015449,45.0,0.022222351,0.062578537,0.0,0.207768917
29376211,192.168.0.12,192.168.0.11,900,1.76257266e+09,1.76257272e+09,300,1,1,59.8003099,15.0,0.066666702,0.094171914,0.0,0.201074839
29376211,192.168.0.21,192.168.0.11,2880,1.76257266e+09,1.76257272e+09,957,1,1,59.5021131,48.0,0.020833528,0.099690285,0.0,0.500320911
29376211,192.168.0.21,192.168.0.12,1800,1.76257266e+09,1.76257272e+09,598,1,1,59.50230217,30.0,0.033333829,0.124580993,0.0,0.500695944
29376212,192.168.0.11,192.168.0.12,2700,1.76257272e+09,1.76257278e+09,895,1,1,59.8011272,45.0,0.02222215,0.062577742,0.0,0.207828283
29376212,192.168.0.12,192.168.0.11,900,1.76257272e+09,1.76257278e+09,297,1,1,59.80003405,15.0,0.06666644,0.094173139,0.0,0.201099873
29376212,192.168.0.21,192.168.0.11,2880,1.76257272e+09,1.76257278e+09,952,1,1,59.50149822,48.0,0.020833178,0.099727928,0.0,0.500109911
29376212,192.168.0.21,192.168.0.12,1800,1.76257272e+09,1.76257278e+09,598,1,1,59.50098777,30.0,0.033332904,0.124594584,0.0,0.50045681
29376213,192.168.0.11,192.168.0.12,2700,1.76257278e+09,1.76257284e+09,895,1,1,59.80124402,45.0,0.022222357,0.062587022,0.0,0.208117247
29376213,192.168.0.21,192.168.0.11,2880,1.76257278e+09,1.76257284e+09,949,1,1,59.49985814,48.0,0.020832979,0.099746236,0.0,0.500477076
29376213,192.168.0.21,192.168.0.12,1800,1.76257278e+09,1.76257284e+09,600,1,1,59.49949789,30.0,0.033332694,0.124607121,0.0,0.501050711
29376213,192.168.0.12,192.168.0.11,900,1.76257278e+09,1.76257284e+09,300,1,1,59.80016208,15.0,0.066666522,0.094173023,0.0,0.20085907
29376266,192.168.0.11,192.168.0.12,2700,1.76257596e+09,1.76257602e+09,896,1,1,59.80081701,45.0,0.02222227,0.062588264,0.0,0.207995892
29376266,192.168.0.12,192.168.0.11,900,1.76257596e+09,1.76257602e+09,300,1,1,59.79960775,15.0,0.066665914,0.094178332,0.0,0.200713873
29376266,192.168.0.21,192.168.0.11,2880,1.76257596e+09,1.76257602e+09,954,1,1,59.50016212,48.0,0.02083325,0.099723985,0.0,0.500742197
29376266,192.168.0.21,192.168.0.12,1800,1.76257596e+09,1.76257602e+09,596,1,1,59.50016904,30.0,0.03333316,0.124557089,0.0,0.501138926
29376267,192.168.0.11,192.168.0.12,2700,1.76257602e+09,1.76257608e+09,891,1,1,59.80065322,45.0,0.02222223,0.062612756,0.0,0.208522081
29376267,192.168.0.12,192.168.0.11,900,1.76257602e+09,1.76257608e+09,299,1,1,59.80029392,15.0,0.066667158,0.094180009,0.0,0.200631857
29376267,192.168.0.21,192.168.0.11,2880,1.76257602e+09,1.76257608e+09,953,1,1,59.50079083,48.0,0.020833274,0.099745969,0.0,0.50045085
29376267,192.168.0.21,192.168.0.12,1800,1.76257602e+09,1.76257608e+09,599,1,1,59.50071168,30.0,0.033333231,0.12455635,0.0,0.500520945
29376268,192.168.0.11,192.168.0.12,2700,1.76257608e+09,1.76257614e+09,895,1,1,59.79999685,45.0,0.022222062,0.062615285,0.0,0.204147339
29376268,192.168.0.12,192.168.0.11,900,1.76257608e+09,1.76257614e+09,300,1,1,59.8001039,15.0,0.066666363,0.094180041,0.0,0.201515198
29376268,192.168.0.21,192.168.0.11,2880,1.76257608e+09,1.76257614e+09,947,1,1,59.50143409,48.0,0.020833505,0.099746813,0.0,0.500311852
29376268,192.168.0.21,192.168.0.12,1800,1.76257608e+09,1.76257614e+09,598,1,1,59.50099182,30.0,0.033333546,0.124587757,0.0,0.500745773
29376269,192.168.0.11,192.168.0.12,2700,1.76257614e+09,1.7625762e+09,893,1,1,59.80092978,45.0,0.02222243,0.062600368,0.0,0.202969074
29376269,192.168.0.21,192.168.0.11,2880,1.76257614e+09,1.7625762e+09,959,1,1,59.50090814,48.0,0.020833222,0.099729794,0.0,0.500225067
29376269,192.168.0.21,192.168.0.12,1800,1.76257614e+09,1.7625762e+09,595,1,1,59.50080395,30.0,0.033333273,0.124577651,0.0,0.500453234
29376269,192.168.0.12,192.168.0.11,900,1.76257614e+09,1.7625762e+09,300,1,1,59.80008698,15.0,0.06666726,0.094177412,0.0,0.200900078
29376338,192.168.0.11,192.168.0.12,1707,1.76258028e+09,1.762580318e+09,575,1,1,38.40047097,28.45,0.022612632,0.06309197,0.0,0.20108223
29376338,192.168.0.21,192.168.0.11,1830,1.76258028e+09,1.762580319e+09,614,1,1,38.50166392,30.5,0.021311269,0.100797458,0.0,0.499989986
29376338,192.168.0.21,192.168.0.12,1135,1.76258028e+09,1.762580318e+09,384,1,1,38.00111675,18.91666667,0.033920355,0.125619276,0.0,0.500521898
29376338,192.168.0.12,192.168.0.11,569,1.76258028e+09,1.762580318e+09,193,1,1,38.40038419,9.483333333,0.067837563,0.094611061,0.0,0.201506853
29376254,192.168.0.12,192.168.0.11,900,1.76257524e+09,1.7625753e+09,299,1,1,59.80049205,15.0,0.066666579,0.094174135,0.0,0.201873302
29376254,192.168.0.21,192.168.0.11,2880,1.76257524e+09,1.7625753e+09,955,1,1,59.50174665,48.0,0.020833646,0.099744194,0.0,0.500204086
29376254,192.168.0.21,192.168.0.12,1800,1.76257524e+09,1.7625753e+09,599,1,1,59.501688,30.0,0.033333865,0.12456938,0.0,0.500622749
29376255,192.168.0.11,192.168.0.12,2700,1.7625753e+09,1.76257536e+09,897,1,1,59.80094647,45.0,0.022222203,0.062582612,0.0,0.207976103
29376255,192.168.0.12,192.168.0.11,900,1.7625753e+09,1.76257536e+09,299,1,1,59.79971671,15.0,0.066665961,0.094169006,0.0,0.201336145
29376255,192.168.0.21,192.168.0.11,2880,1.7625753e+09,1.76257536e+09,955,1,1,59.50080919,48.0,0.020833043,0.099729142,0.0,0.499890089
29376255,192.168.0.21,192.168.0.12,1800,1.7625753e+09,1.76257536e+09,595,1,1,59.50027609,30.0,0.033332722,0.12458405,0.0,0.50039506
29376256,192.168.0.11,192.168.0.12,2700,1.76257536e+09,1.76257542e+09,894,1,1,59.80060101,45.0,0.022222022,0.062578253,0.0,0.20745492
29376256,192.168.0.12,192.168.0.11,902,1.76257536e+09,1.76257542e+09,300,1,1,59.99955487,15.03333333,0.066740241,0.094198813,0.0,0.201356888
29376256,192.168.0.21,192.168.0.11,2880,1.76257536e+09,1.76257542e+09,950,1,1,59.50156689,48.0,0.020833535,0.099720523,0.0,0.500343561
29376256,192.168.0.21,192.168.0.12,1800,1.76257536e+09,1.76257542e+09,598,1,1,59.5013907,30.0,0.03333378,0.124564662,0.0,0.500701904
29376257,192.168.0.11,192.168.0.12,2700,1.76257542e+09,1.76257548e+09,893,1,1,59.80088973,45.0,0.022222389,0.062601362,0.0,0.200828314
29376257,192.168.0.12,192.168.0.11,898,1.76257542e+09,1.76257548e+09,297,1,1,59.80026507,14.96666667,0.066592942,0.094142984,0.0,0.200716972
29376257,192.168.0.21,192.168.0.11,2880,1.76257542e+09,1.76257548e+09,956,1,1,59.50019121,48.0,0.020833119,0.09974476,0.0,0.500326872
29376257,192.168.0.21,192.168.0.12,1800,1.76257542e+09,1.76257548e+09,599,1,1,59.49981189,30.0,0.033332902,0.124590944,0.0,0.500565052
29376254,192.168.0.11,192.168.0.12,2700,1.76257524e+09,1.7625753e+09,894,1,1,59.80061197,45.0,0.022222313,0.062586791,0.0,0.201145172
29376278,192.168.0.11,192.168.0.12,2700,1.76257668e+09,1.76257674e+09,890,1,1,59.80106068,45.0,0.022222327,0.062579353,0.0,0.200605154
29376278,192.168.0.12,192.168.0.11,902,1.76257668e+09,1.76257674e+09,300,1,1,59.99914074,15.03333333,0.06673969,0.094206905,0.0,0.200764894
29376278,192.168.0.21,192.168.0.11,2880,1.76257668e+09,1.76257674e+09,954,1,1,59.50110006,48.0,0.020833084,0.099677373,0.0,0.500208855
29376279,192.168.0.11,192.168.0.12,2700,1.76257674e+09,1.7625768e+09,897,1,1,59.8010726,45.0,0.022222312,0.062582083,0.0,0.207797289
29376279,192.168.0.12,192.168.0.11,898,1.76257674e+09,1.7625768e+09,300,1,1,59.8001008,14.96666667,0.066592755,0.094155348,0.0,0.200852871
29376279,192.168.0.21,192.168.0.11,2880,1.76257674e+09,1.7625768e+09,955,1,1,59.50191593,48.0,0.020833754,0.099675921,0.0,0.499899864
29376280,192.168.0.11,192.168.0.12,2700,1.7625768e+09,1.76257686e+09,895,1,1,59.80096483,45.0,0.022222092,0.062581136,0.0,0.201398849
29376280,192.168.0.12,192.168.0.11,900,1.7625768e+09,1.76257686e+09,300,1,1,59.79936981,15.0,0.066666616,0.094179172,0.0,0.20079422
29376280,192.168.0.21,192.168.0.11,2880,1.7625768e+09,1.76257686e+09,955,1,1,59.50140309,48.0,0.020832982,0.099691099,0.0,0.500063896
29376280,192.168.0.21,192.168.0.12,1800,1.7625768e+09,1.76257686e+09,596,1,1,59.50076342,30.0,0.033332729,0.124583864,0.0,0.500597
29376281,192.168.0.11,192.168.0.12,2700,1.76257686e+09,1.76257692e+09,898,1,1,59.79994512,45.0,0.022222019,0.062576307,0.0,0.202390194
29376281,192.168.0.12,192.168.0.11,900,1.76257686e+09,1.76257692e+09,300,1,1,59.80067086,15.0,0.066667541,0.09418369,0.0,0.200916052
29376281,192.168.0.21,192.168.0.11,2880,1.76257686e+09,1.76257692e+09,955,1,1,59.50106478,48.0,0.020833433,0.099741733,0.0,0.500209093
29376281,192.168.0.21,192.168.0.12,1800,1.76257686e+09,1.76257692e+09,598,1,1,59.50050688,30.0,0.033333467,0.124588291,0.0,0.500560999
29376278,192.168.0.21,192.168.0.12,1800,1.76257668e+09,1.76257674e+09,598,1,1,59.50055623,30.0,0.033332948,0.124571884,0.0,0.500681162
29376279,192.168.0.21,192.168.0.12,1800,1.76257674e+09,1.7625768e+09,599,1,1,59.50125623,30.0,0.03333388,0.124562153,0.0,0.500463247
29376306,192.168.0.11,192.168.0.12,2700,1.76257836e+09,1.76257842e+09,894,1,1,59.80071092,45.0,0.022222196,0.062572436,0.0,0.202951193
29376306,192.168.0.12,192.168.0.11,900,1.76257836e+09,1.76257842e+09,299,1,1,59.80041289,15.0,0.066666896,0.094173001,0.0,0.200741768
29376306,192.168.0.21,192.168.0.11,2880,1.76257836e+09,1.76257842e+09,953,1,1,59.50042319,48.0,0.020833167,0.099722019,0.0,0.500032902
29376306,192.168.0.21,192.168.0.12,1800,1.76257836e+09,1.76257842e+09,600,1,1,59.5000689,30.0,0.033333045,0.124554184,0.0,0.500561953
29376307,192.168.0.11,192.168.0.12,2700,1.76257842e+09,1.76257848e+09,895,1,1,59.80129576,45.0,0.022222336,0.062582752,0.0,0.201291084
29376307,192.168.0.12,192.168.0.11,900,1.76257842e+09,1.76257848e+09,300,1,1,59.80056286,15.0,0.066666772,0.094175626,0.0,0.200649023
29376307,192.168.0.21,192.168.0.11,2880,1.76257842e+09,1.76257848e+09,954,1,1,59.50151014,48.0,0.020833584,0.099695525,0.0,0.500244856
29376308,192.168.0.11,192.168.0.12,2700,1.76257848e+09,1.76257854e+09,891,1,1,59.80050302,45.0,0.022222081,0.06256831,0.0,0.203129768
29376308,192.168.0.12,192.168.0.11,900,1.76257848e+09,1.76257854e+09,299,1,1,59.80036688,15.0,0.066666861,0.094175413,0.0,0.20075202
29376308,192.168.0.21,192.168.0.11,2880,1.76257848e+09,1.76257854e+09,956,1,1,59.50045109,48.0,0.020833439,0.099715303,0.0,0.500283003
29376308,192.168.0.21,192.168.0.12,1800,1.76257848e+09,1.76257854e+09,595,1,1,59.49991775,30.0,0.033333489,0.124583294,0.0,0.50062418
29376309,192.168.0.11,192.168.0.12,2700,1.76257854e+09,1.7625786e+09,899,1,1,59.80155754,45.0,0.022222382,0.062578375,0.0,0.207670212
29376309,192.168.0.12,192.168.0.11,900,1.76257854e+09,1.7625786e+09,299,1,1,59.79971766,15.0,0.066666277,0.094180977,0.0,0.200777769
29376309,192.168.0.21,192.168.0.11,2880,1.76257854e+09,1.7625786e+09,957,1,1,59.50079083,48.0,0.020832957,0.099717263,0.0,0.500576735
29376309,192.168.0.21,192.168.0.12,1800,1.76257854e+09,1.7625786e+09,599,1,1,59.5005641,30.0,0.033332732,0.124580936,0.0,0.501150846
29376307,192.168.0.21,192.168.0.12,1800,1.76257842e+09,1.76257848e+09,597,1,1,59.50094366,30.0,0.033333832,0.124607027,0.0,0.500688791
29376286,192.168.0.11,192.168.0.12,2700,1.76257716e+09,1.76257722e+09,894,1,1,59.80051064,45.0,0.022222112,0.062569031,0.0,0.20117712
29376286,192.168.0.12,192.168.0.11,900,1.76257716e+09,1.76257722e+09,300,1,1,59.80007315,15.0,0.066666195,0.094170365,0.0,0.200860977
29376286,192.168.0.21,192.168.0.11,2880,1.76257716e+09,1.76257722e+09,953,1,1,59.50004387,48.0,0.020833059,0.099736014,0.0,0.500257969
29376287,192.168.0.11,192.168.0.12,2700,1.76257722e+09,1.76257728e+09,897,1,1,59.80084515,45.0,0.022222166,0.062573204,0.0,0.203223228
29376287,192.168.0.12,192.168.0.11,900,1.76257722e+09,1.76257728e+09,298,1,1,59.80027676,15.0,0.066666853,0.094173099,0.0,0.201152086
29376287,192.168.0.21,192.168.0.11,2880,1.76257722e+09,1.76257728e+09,953,1,1,59.5007031,48.0,0.020833313,0.099741003,0.0,0.500475883
29376287,192.168.0.21,192.168.0.12,1800,1.76257722e+09,1.76257728e+09,596,1,1,59.50057006,30.0,0.033333175,0.124591264,0.0,0.501016855
29376288,192.168.0.11,192.168.0.12,2700,1.76257728e+09,1.76257734e+09,892,1,1,59.80110312,45.0,0.022222355,0.062571217,0.0,0.201277494
29376288,192.168.0.12,192.168.0.11,900,1.76257728e+09,1.76257734e+09,300,1,1,59.80001378,15.0,0.066666612,0.094176814,0.0,0.201323509
29376288,192.168.0.21,192.168.0.11,2880,1.76257728e+09,1.76257734e+09,953,1,1,59.50106907,48.0,0.020833433,0.099721086,0.0,0.500181913
29376288,192.168.0.21,192.168.0.12,1800,1.76257728e+09,1.76257734e+09,600,1,1,59.50075412,30.0,0.033333416,0.124579699,0.0,0.500597
29376289,192.168.0.11,192.168.0.12,2700,1.76257734e+09,1.7625774e+09,893,1,1,59.80086827,45.0,0.022222171,0.062589268,0.0,0.201140881
29376289,192.168.0.12,192.168.0.11,900,1.76257734e+09,1.7625774e+09,298,1,1,59.7998879,15.0,0.06666648,0.094176584,0.0,0.200640917
29376289,192.168.0.21,192.168.0.11,2880,1.76257734e+09,1.7625774e+09,954,1,1,59.50201607,48.0,0.020833656,0.099738683,0.0,0.500380039
29376289,192.168.0.21,192.168.0.12,1800,1.76257734e+09,1.7625774e+09,598,1,1,59.50166392,30.0,0.033333864,0.124590282,0.0,0.500831127
29376286,192.168.0.21,192.168.0.12,1800,1.76257716e+09,1.76257722e+09,596,1,1,59.50010085,30.0,0.033333096,0.124591515,0.0,0.500654936
29376246,192.168.0.11,192.168.0.12,2700,1.76257476e+09,1.76257482e+09,893,1,1,59.80074668,45.0,0.022222196,0.06260482,0.0,0.209470987
29376246,192.168.0.12,192.168.0.11,900,1.76257476e+09,1.76257482e+09,297,1,1,59.80036092,15.0,0.066665836,0.094174496,0.0,0.201853991
29376246,192.168.0.21,192.168.0.12,1800,1.76257476e+09,1.76257482e+09,599,1,1,59.4993,30.0,0.033332413,0.124548062,0.0,0.500656843
29376247,192.168.0.11,192.168.0.12,2700,1.76257482e+09,1.76257488e+09,890,1,1,59.8003118,45.0,0.022222204,0.062598824,0.0,0.208122969
29376247,192.168.0.12,192.168.0.11,900,1.76257482e+09,1.76257488e+09,300,1,1,59.80066609,15.0,0.066667293,0.094164836,0.0,0.200648069
29376247,192.168.0.21,192.168.0.11,2880,1.76257482e+09,1.76257488e+09,951,1,1,59.50120497,48.0,0.020833509,0.099713371,0.0,0.500468016
29376247,192.168.0.21,192.168.0.12,1800,1.76257482e+09,1.76257488e+09,598,1,1,59.50120497,30.0,0.033333541,0.124551462,0.0,0.500700712
29376248,192.168.0.11,192.168.0.12,2700,1.76257488e+09,1.76257494e+09,893,1,1,59.80051184,45.0,0.022222333,0.062584433,0.0,0.200439215
29376248,192.168.0.12,192.168.0.11,900,1.76257488e+09,1.76257494e+09,299,1,1,59.80062985,15.0,0.066666525,0.094179275,0.0,0.201173067
29376248,192.168.0.21,192.168.0.11,2880,1.76257488e+09,1.76257494e+09,952,1,1,59.50146985,48.0,0.020833502,0.099718588,0.0,0.499966145
29376248,192.168.0.21,192.168.0.12,1800,1.76257488e+09,1.76257494e+09,597,1,1,59.50099802,30.0,0.033333558,0.124581924,0.0,0.500538111
29376249,192.168.0.11,192.168.0.12,2700,1.76257494e+09,1.762575e+09,897,1,1,59.80103493,45.0,0.022222298,0.06258985,0.0,0.202809095
29376249,192.168.0.12,192.168.0.11,900,1.76257494e+09,1.762575e+09,297,1,1,59.80103302,15.0,0.066666916,0.094174812,0.0,0.200749874
29376249,192.168.0.21,192.168.0.11,2880,1.76257494e+09,1.762575e+09,951,1,1,59.50074124,48.0,0.020833227,0.099709115,0.0,0.500110865
29376249,192.168.0.21,192.168.0.12,1800,1.76257494e+09,1.762575e+09,597,1,1,59.50020504,30.0,0.033333181,0.124586493,0.0,0.500389338
29376246,192.168.0.21,192.168.0.11,2880,1.76257476e+09,1.76257482e+09,950,1,1,59.49991512,48.0,0.020832723,0.099723084,0.0,0.50032568
29376230,192.168.0.11,192.168.0.12,2700,1.7625738e+09,1.76257386e+09,895,1,1,59.80076885,45.0,0.022222103,0.06257037,0.0,0.201074362
29376230,192.168.0.12,192.168.0.11,900,1.7625738e+09,1.76257386e+09,300,1,1,59.80057693,15.0,0.066666582,0.094179713,0.0,0.20124507
29376230,192.168.0.21,192.168.0.11,2880,1.7625738e+09,1.76257386e+09,954,1,1,59.50079298,48.0,0.020833384,0.099723336,0.0,0.500880003
29376230,192.168.0.21,192.168.0.12,1800,1.7625738e+09,1.76257386e+09,595,1,1,59.50069475,30.0,0.03333337,0.124571177,0.0,0.501435041
29376231,192.168.0.11,192.168.0.12,2700,1.76257386e+09,1.76257392e+09,896,1,1,59.80015516,45.0,0.022222284,0.062575572,0.0,0.20817399
29376231,192.168.0.12,192.168.0.11,900,1.76257386e+09,1.76257392e+09,300,1,1,59.80059481,15.0,0.066666809,0.094186353,0.0,0.200762987
29376231,192.168.0.21,192.168.0.11,2880,1.76257386e+09,1.76257392e+09,953,1,1,59.50067091,48.0,0.020833274,0.099740441,0.0,0.500203609
29376231,192.168.0.21,192.168.0.12,1800,1.76257386e+09,1.76257392e+09,599,1,1,59.50038481,30.0,0.033333206,0.12456823,0.0,0.500761032
29376232,192.168.0.11,192.168.0.12,2700,1.76257392e+09,1.76257398e+09,893,1,1,59.8005271,45.0,0.022222312,0.062575206,0.0,0.201751947
29376232,192.168.0.12,192.168.0.11,900,1.76257392e+09,1.76257398e+09,300,1,1,59.80061889,15.0,0.066666659,0.09416822,0.0,0.200638771
29376232,192.168.0.21,192.168.0.11,2880,1.76257392e+09,1.76257398e+09,956,1,1,59.50175691,48.0,0.020833569,0.099697564,0.0,0.500475883
29376232,192.168.0.21,192.168.0.12,1800,1.76257392e+09,1.76257398e+09,597,1,1,59.50175214,30.0,0.033333793,0.124562069,0.0,0.500709057
29376233,192.168.0.11,192.168.0.12,2700,1.76257398e+09,1.76257404e+09,894,1,1,59.80005026,45.0,0.022221896,0.062577011,0.0,0.202963114
29376233,192.168.0.21,192.168.0.11,2880,1.76257398e+09,1.76257404e+09,948,1,1,59.50137782,48.0,0.020833206,0.099687754,0.0,0.500102758
29376233,192.168.0.21,192.168.0.12,1800,1.76257398e+09,1.76257404e+09,600,1,1,59.5010581,30.0,0.033333112,0.124569323,0.0,0.500559092
29376233,192.168.0.12,192.168.0.11,900,1.76257398e+09,1.76257404e+09,299,1,1,59.80005908,15.0,0.066666502,0.094167714,0.0,0.201574087
29376322,192.168.0.12,192.168.0.11,900,1.76257932e+09,1.76257938e+09,299,1,1,59.80075598,15.0,0.066666933,0.094176676,0.0,0.201217175
29376322,192.168.0.21,192.168.0.11,2880,1.76257932e+09,1.76257938e+09,955,1,1,59.50144982,48.0,0.020833495,0.099681792,0.0,0.499852896
29376322,192.168.0.21,192.168.0.12,1800,1.76257932e+09,1.76257938e+09,597,1,1,59.50104785,30.0,0.033333614,0.124606205,0.0,0.500580072
29376323,192.168.0.11,192.168.0.12,2700,1.76257938e+09,1.76257944e+09,897,1,1,59.80050898,45.0,0.022221897,0.06260373,0.0,0.207449198
29376323,192.168.0.21,192.168.0.12,1800,1.76257938e+09,1.76257944e+09,599,1,1,59.500489,30.0,0.03333344,0.12457952,0.0,0.50109005
29376324,192.168.0.11,192.168.0.12,2700,1.76257944e+09,1.7625795e+09,896,1,1,59.80041099,45.0,0.022222292,0.062583248,0.0,0.201401949
29376324,192.168.0.12,192.168.0.11,898,1.76257944e+09,1.7625795e+09,300,1,1,59.80097628,14.96666667,0.066593733,0.094145582,0.0,0.20071888
29376324,192.168.0.21,192.168.0.11,2880,1.76257944e+09,1.7625795e+09,955,1,1,59.50111413,48.0,0.020833181,0.099738213,0.0,0.50047183
29376324,192.168.0.21,192.168.0.12,1800,1.76257944e+09,1.7625795e+09,597,1,1,59.50088406,30.0,0.033332975,0.124557281,0.0,0.500674725
29376325,192.168.0.11,192.168.0.12,2700,1.7625795e+09,1.76257956e+09,895,1,1,59.80119276,45.0,0.022222413,0.062571688,0.0,0.202875853
29376325,192.168.0.12,192.168.0.11,900,1.7625795e+09,1.76257956e+09,300,1,1,59.80053592,15.0,0.066666263,0.094173453,0.0,0.201192141
29376325,192.168.0.21,192.168.0.11,2880,1.7625795e+09,1.76257956e+09,953,1,1,59.50074697,48.0,0.020833185,0.099737806,0.0,0.500239849
29376325,192.168.0.21,192.168.0.12,1800,1.7625795e+09,1.76257956e+09,598,1,1,59.5,30.0,0.033333088,0.124587989,0.0,0.500429869
29376322,192.168.0.11,192.168.0.12,2700,1.76257932e+09,1.76257938e+09,895,1,1,59.80127478,45.0,0.022222227,0.062570895,0.0,0.203158855
29376323,192.168.0.12,192.168.0.11,902,1.76257938e+09,1.76257944e+09,300,1,1,59.99978304,15.03333333,0.066739624,0.094196872,0.0,0.200998068
29376323,192.168.0.21,192.168.0.11,2880,1.76257938e+09,1.76257944e+09,953,1,1,59.50066781,48.0,0.020833331,0.099739646,0.0,0.500495911
29376314,192.168.0.11,192.168.0.12,2700,1.76257884e+09,1.7625789e+09,890,1,1,59.80082607,45.0,0.022222343,0.062590115,0.0,0.209215164
29376314,192.168.0.12,192.168.0.11,900,1.76257884e+09,1.7625789e+09,299,1,1,59.79989409,15.0,0.066666102,0.094173555,0.0,0.20074892
29376314,192.168.0.21,192.168.0.11,2880,1.76257884e+09,1.7625789e+09,948,1,1,59.50182652,48.0,0.020833769,0.099744907,0.0,0.500302076
29376314,192.168.0.21,192.168.0.12,1800,1.76257884e+09,1.7625789e+09,598,1,1,59.50177717,30.0,0.033334012,0.124562493,0.0,0.500470161
29376315,192.168.0.11,192.168.0.12,2700,1.7625789e+09,1.76257896e+09,893,1,1,59.80033684,45.0,0.022222003,0.062586295,0.0,0.20785594
29376315,192.168.0.12,192.168.0.11,900,1.7625789e+09,1.76257896e+09,298,1,1,59.80051279,15.0,0.066667332,0.094178044,0.0,0.20080781
29376315,192.168.0.21,192.168.0.11,2880,1.7625789e+09,1.76257896e+09,951,1,1,59.50095105,48.0,0.020833098,0.099722105,0.0,0.500087023
29376315,192.168.0.21,192.168.0.12,1800,1.7625789e+09,1.76257896e+09,598,1,1,59.50083327,30.0,0.033332953,0.12456058,0.0,0.50040102
29376316,192.168.0.11,192.168.0.12,2700,1.76257896e+09,1.76257902e+09,894,1,1,59.80090261,45.0,0.022222507,0.062590301,0.0,0.218370438
29376316,192.168.0.12,192.168.0.11,900,1.76257896e+09,1.76257902e+09,299,1,1,59.80011177,15.0,0.066666367,0.094175075,0.0,0.20067811
29376317,192.168.0.11,192.168.0.12,2700,1.76257902e+09,1.76257908e+09,889,1,1,59.80081797,45.0,0.02222207,0.062576542,0.0,0.202801704
29376317,192.168.0.12,192.168.0.11,900,1.76257902e+09,1.76257908e+09,299,1,1,59.79969263,15.0,0.066666488,0.09417539,0.0,0.200784922
29376317,192.168.0.21,192.168.0.11,2880,1.76257902e+09,1.76257908e+09,950,1,1,59.5015142,48.0,0.020833648,0.099721285,0.0,0.500559092
29376317,192.168.0.21,192.168.0.12,1800,1.76257902e+09,1.76257908e+09,597,1,1,59.50099087,30.0,0.033333699,0.124612094,0.0,0.500871658
29376316,192.168.0.21,192.168.0.12,1800,1.76257896e+09,1.76257902e+09,599,1,1,59.50059891,30.0,0.03333289,0.124595416,0.0,0.500922918
29376316,192.168.0.21,192.168.0.11,2880,1.76257896e+09,1.76257902e+09,955,1,1,59.50059485,48.0,0.020833047,0.099715254,0.0,0.500417948
29376190,192.168.0.11,192.168.0.12,1962,1.762571416e+09,1.76257146e+09,650,1,1,43.39755344,32.7,0.022130318,0.062475245,0.0,0.207400084
29376190,192.168.0.12,192.168.0.11,654,1.762571416e+09,1.76257146e+09,218,1,1,43.39874387,10.9,0.066460557,0.094123993,0.0,0.201210022
29376190,192.168.0.21,192.168.0.11,2064,1.762571417e+09,1.76257146e+09,683,1,1,42.49951816,34.4,0.020600833,0.099222999,0.0,0.500504732
29376190,192.168.0.21,192.168.0.12,1290,1.762571417e+09,1.76257146e+09,429,1,1,42.49845004,21.5,0.032970093,0.123993189,0.0,0.501070976
29376191,192.168.0.11,192.168.0.12,2700,1.76257146e+09,1.76257152e+09,896,1,1,59.80173397,45.0,0.022222542,0.062575558,0.0,0.202739954
29376191,192.168.0.12,192.168.0.11,900,1.76257146e+09,1.76257152e+09,297,1,1,59.80083776,15.0,0.066666892,0.094180231,0.0,0.201195002
29376191,192.168.0.21,192.168.0.11,2880,1.76257146e+09,1.76257152e+09,949,1,1,59.50052285,48.0,0.020832862,0.099737917,0.0,0.50042367
29376192,192.168.0.11,192.168.0.12,2700,1.76257152e+09,1.76257158e+09,898,1,1,59.80056286,45.0,0.022221931,0.062582375,0.0,0.208148718
29376192,192.168.0.21,192.168.0.11,2880,1.76257152e+09,1.76257158e+09,949,1,1,59.50110197,48.0,0.020833426,0.099690413,0.0,0.499996185
29376192,192.168.0.21,192.168.0.12,1800,1.76257152e+09,1.76257158e+09,598,1,1,59.50069094,30.0,0.033333474,0.124573176,0.0,0.500672579
29376193,192.168.0.11,192.168.0.12,2700,1.76257158e+09,1.76257164e+09,893,1,1,59.80105877,45.0,0.022222388,0.062582349,0.0,0.208708048
29376193,192.168.0.12,192.168.0.11,900,1.76257158e+09,1.76257164e+09,299,1,1,59.79930401,15.0,0.066665788,0.094170433,0.0,0.200799942
29376193,192.168.0.21,192.168.0.11,2880,1.76257158e+09,1.76257164e+09,953,1,1,59.50154519,48.0,0.020833583,0.099690334,0.0,0.500277996
29376193,192.168.0.21,192.168.0.12,1800,1.76257158e+09,1.76257164e+09,599,1,1,59.50129795,30.0,0.033333708,0.124577715,0.0,0.50073719
29376192,192.168.0.12,192.168.0.11,900,1.76257152e+09,1.76257158e+09,300,1,1,59.80076003,15.0,0.066666514,0.094179631,0.0,0.200722933
29376191,192.168.0.21,192.168.0.12,1800,1.76257146e+09,1.76257152e+09,594,1,1,59.50046515,30.0,0.033332685,0.12458313,0.0,0.500764847
29376262,192.168.0.11,192.168.0.12,2700,1.76257572e+09,1.76257578e+09,893,1,1,59.79991221,45.0,0.022222111,0.062579682,0.0,0.203227282
29376262,192.168.0.12,192.168.0.11,900,1.76257572e+09,1.76257578e+09,298,1,1,59.7998879,15.0,0.066666074,0.094182718,0.0,0.200989246
29376262,192.168.0.21,192.168.0.11,2880,1.76257572e+09,1.76257578e+09,954,1,1,59.50072694,48.0,0.020833145,0.099720528,0.0,0.500091791
29376262,192.168.0.21,192.168.0.12,1800,1.76257572e+09,1.76257578e+09,599,1,1,59.50073099,30.0,0.033333161,0.124552339,0.0,0.500505924
29376263,192.168.0.11,192.168.0.12,2700,1.76257578e+09,1.76257584e+09,893,1,1,59.80097604,45.0,0.022222606,0.062609646,0.0,0.203000069
29376263,192.168.0.12,192.168.0.11,900,1.76257578e+09,1.76257584e+09,300,1,1,59.80086184,15.0,0.066667256,0.094177598,0.0,0.201639175
29376263,192.168.0.21,192.168.0.11,2880,1.76257578e+09,1.76257584e+09,952,1,1,59.50123,48.0,0.02083344,0.099707255,0.0,0.500267029
29376263,192.168.0.21,192.168.0.12,1800,1.76257578e+09,1.76257584e+09,599,1,1,59.50067401,30.0,0.033333466,0.124553908,0.0,0.500769854
29376264,192.168.0.11,192.168.0.12,2700,1.76257584e+09,1.7625759e+09,894,1,1,59.79999685,45.0,0.022221795,0.06259213,0.0,0.202898026
29376264,192.168.0.12,192.168.0.11,900,1.76257584e+09,1.7625759e+09,299,1,1,59.79985166,15.0,0.066665983,0.094174475,0.0,0.200980902
29376264,192.168.0.21,192.168.0.11,2880,1.76257584e+09,1.7625759e+09,954,1,1,59.50185561,48.0,0.020833744,0.099717819,0.0,0.500288248
29376265,192.168.0.12,192.168.0.11,900,1.7625759e+09,1.76257596e+09,299,1,1,59.8003428,15.0,0.066667462,0.09417319,0.0,0.200814009
29376265,192.168.0.21,192.168.0.11,2880,1.7625759e+09,1.76257596e+09,954,1,1,59.50041914,48.0,0.020832994,0.099712151,0.0,0.499871254
29376265,192.168.0.21,192.168.0.12,1800,1.7625759e+09,1.76257596e+09,598,1,1,59.49996853,30.0,0.033332778,0.124551152,0.0,0.50033021
29376264,192.168.0.21,192.168.0.12,1800,1.76257584e+09,1.7625759e+09,595,1,1,59.50177574,30.0,0.033334057,0.124549027,0.0,0.500544786
29376265,192.168.0.11,192.168.0.12,2700,1.7625759e+09,1.76257596e+09,894,1,1,59.80085778,45.0,0.022222396,0.062574632,0.0,0.21787858
29376290,192.168.0.11,192.168.0.12,2700,1.7625774e+09,1.76257746e+09,898,1,1,59.80062366,45.0,0.022222269,0.062598439,0.0,0.200318336
29376290,192.168.0.12,192.168.0.11,900,1.7625774e+09,1.76257746e+09,300,1,1,59.800524,15.0,0.066666721,0.094177373,0.0,0.200743198
29376290,192.168.0.21,192.168.0.11,2880,1.7625774e+09,1.76257746e+09,952,1,1,59.50200677,48.0,0.020833408,0.099702164,0.0,0.500068903
29376290,192.168.0.21,192.168.0.12,1800,1.7625774e+09,1.76257746e+09,595,1,1,59.50175118,30.0,0.033333603,0.124562115,0.0,0.500382185
29376291,192.168.0.11,192.168.0.12,2700,1.76257746e+09,1.76257752e+09,893,1,1,59.80089593,45.0,0.022222114,0.062573368,0.0,0.201072216
29376291,192.168.0.12,192.168.0.11,900,1.76257746e+09,1.76257752e+09,299,1,1,59.80047297,15.0,0.066666898,0.094175082,0.0,0.201787233
29376291,192.168.0.21,192.168.0.12,1800,1.76257746e+09,1.76257752e+09,597,1,1,59.50025988,30.0,0.033332664,0.124588612,0.0,0.50125289
29376292,192.168.0.11,192.168.0.12,2700,1.76257752e+09,1.76257758e+09,893,1,1,59.80159092,45.0,0.02222246,0.06256831,0.0,0.20106101
29376292,192.168.0.12,192.168.0.11,900,1.76257752e+09,1.76257758e+09,299,1,1,59.8004055,15.0,0.066667015,0.0941727,0.0,0.200653076
29376292,192.168.0.21,192.168.0.12,1800,1.76257752e+09,1.76257758e+09,598,1,1,59.50117326,30.0,0.033333724,0.124578837,0.0,0.500444412
29376293,192.168.0.11,192.168.0.12,2700,1.76257758e+09,1.76257764e+09,893,1,1,59.80011678,45.0,0.022221893,0.062619292,0.0,0.201225281
29376293,192.168.0.12,192.168.0.11,900,1.76257758e+09,1.76257764e+09,300,1,1,59.80025077,15.0,0.066666262,0.094170449,0.0,0.200971842
29376293,192.168.0.21,192.168.0.11,2880,1.76257758e+09,1.76257764e+09,950,1,1,59.50190496,48.0,0.02083338,0.099676589,0.0,0.499768019
29376293,192.168.0.21,192.168.0.12,1800,1.76257758e+09,1.76257764e+09,598,1,1,59.5012908,30.0,0.0333334,0.124553468,0.0,0.500324011
29376291,192.168.0.21,192.168.0.11,2880,1.76257746e+09,1.76257752e+09,952,1,1,59.50096393,48.0,0.020832984,0.099685439,0.0,0.500338078
29376292,192.168.0.21,192.168.0.11,2880,1.76257752e+09,1.76257758e+09,955,1,1,59.50168896,48.0,0.020833588,0.099675844,0.0,0.499773026
