time_window,src,dst,value_mean_mean,value_mean_std,value_mean_min,value_mean_max,value_std_mean,value_std_max,value_range_mean,value_range_max,value_changes_sum,value_change_rate_mean,read_count_sum,read_rate_mean,inter_read_mean_mean,inter_read_std_mean,outlier_count_sum,max_z_score_max,unique_values_mean,entropy_mean,registers_accessed,value_mean_mean_rolling_mean,value_mean_mean_rolling_std,value_mean_mean_deviation,read_count_sum_rolling_mean,read_count_sum_rolling_std,read_count_sum_deviation,value_change_rate_mean_rolling_mean,value_change_rate_mean_rolling_std,value_change_rate_mean_deviation
5875238,192.168.0.11,192.168.0.12,12328.479078514341,5321.212581974698,7445.600846262341,18000.0,6934.232222679253,14507.732148079684,27933.333333333332,65000,1396,0.32816173013634226,4254,4.726666666666667,0.1999971666944024,0.0009457851748707586,42,3.684942833336679,61.0,1.1657799201850876,3,12328.479078514341,0.0,0.0,4254.0,0.0,0.0,0.32816173013634226,0.0,0.0
5875239,192.168.0.11,192.168.0.12,12478.192444444445,5244.986505256291,7562.732,18000.0,6988.9002465195945,14665.394334785033,27888.666666666668,65000,1480,0.32888888888888884,4500,5.0,0.19999963711812174,0.00109165582198848,47,3.622688449435597,60.666666666666664,1.1763943713933376,3,12403.335761479393,105.8633362834392,0.012142716247517522,4377.0,173.9482681718907,0.05781433607520564,0.32852530951261555,0.0005141788849248417,0.000547492625368704
5875240,192.168.0.11,192.168.0.12,12446.891333333333,5212.72387937989,7659.186,18000.0,6979.931322821685,14600.186386545072,27933.333333333332,65000,1486,0.3302222222222222,4500,5.0,0.1999998468543679,0.0007562525275355094,45,3.651906255490288,61.0,1.1573564302602664,3,12417.854285430707,78.96762373089891,0.00351131835605402,4418.0,142.02816622064793,0.028095020557332116,0.32909094708248443,0.0010450012173164201,0.0012772904644392342
5875241,192.168.0.11,192.168.0.12,12151.194888888887,5342.6709264959445,7527.456666666667,18000.0,7277.8989275526665,15480.443331279284,27888.666666666668,65000,1489,0.33088888888888884,4500,5.0,0.19999994864749038,0.0005582777369293573,55,3.4930441486289374,60.666666666666664,1.1336861153909936,3,12351.189436295252,148.10153782506234,-0.021472141504603495,4438.5,123.0,0.01855623444218149,0.32954043253408555,0.0012394220619302298,0.0013527605543857725
5875242,192.168.0.11,192.168.0.12,12310.118,5321.359439659799,7456.247333333334,18000.0,7127.113184676585,15051.894217338746,27888.666666666668,65000,1485,0.33,4500,5.0,0.19999997823111662,0.0007219542100281449,46,3.556090187514014,60.666666666666664,1.1640785534159088,3,12342.975149036201,129.5682125580277,-0.0033250329026341154,4450.8,110.01454449298964,0.01385291136389233,0.32963234602726843,0.0010928704117345968,0.00034565888683696404
5875243,192.168.0.11,192.168.0.12,12617.457111111109,5228.4808964906115,7558.024666666666,18000.0,6923.03408015329,14456.257803911618,27888.666666666668,65000,1474,0.32755555555555554,4500,5.0,0.20000008537898148,0.0008480512843788826,45,3.645871154527018,60.666666666666664,1.1862190655839855,3,12400.770755555555,177.18651020968372,0.022236107798413608,4500.0,0.0,0.011051709420908355,0.3295111111111111,0.001309037908890938,-0.001561928361564013
5875244,192.168.0.11,192.168.0.12,12286.922888888888,5276.136347197185,7597.851333333333,18000.0,7157.12701412431,15168.466909167173,27888.666666666668,65000,1485,0.33,4500,5.0,0.19999997775396136,0.0010441151484165212,52,3.542683844380317,60.666666666666664,1.1319868574617056,3,12362.516844444444,176.939712797046,-0.009179968644047637,4500.0,0.0,0.0,0.3297333333333333,0.0012707536404885041,0.0003677207996256225
5875245,192.168.0.11,192.168.0.12,12410.993999999999,5243.719945316302,7599.35,18000.0,7078.7459608634745,14906.174961826258,27888.666666666668,65000,1475,0.3277777777777778,4500,5.0,0.1999999742018055,0.0007620016338866285,51,3.580151724576401,60.666666666666664,1.161667011822338,3,12355.337377777778,173.35217361358048,0.003920984309358357,4500.0,0.0,0.0,0.3292444444444444,0.0014873956027272243,-0.0014706373876132133
5875246,192.168.0.11,192.168.0.12,12399.265111111112,5239.477397080163,7617.496666666667,18000.0,7071.135999585485,14836.959658236303,27888.666666666668,65000,1477,0.32822222222222225,4500,5.0,0.20000015727037426,0.0007636584321795177,44,3.6004479731855645,60.666666666666664,1.1787253280865981,3,12404.951422222222,130.52933323738856,0.003555077203729934,4500.0,0.0,0.0,0.32871111111111107,0.001200822763209422,-0.0007690250100307041
5875247,192.168.0.11,192.168.0.12,12832.510888888888,5258.760761565211,7486.999333333333,18000.0,6925.910797170683,14426.95177130483,27888.666666666668,65000,1472,0.32711111111111113,4500,5.0,0.2000000004453449,0.0008926277633768109,52,3.6036348833209484,60.666666666666664,1.1825124661219406,3,12509.429999999998,216.44080070261603,0.03446406100710645,4500.0,0.0,0.0,0.32813333333333333,0.0011177578968852356,-0.001204174471501155
5875248,192.168.0.11,192.168.0.12,12535.203555555556,5275.643939488854,7471.6213333333335,18000.0,6964.931459841225,14566.472935153277,27888.666666666668,65000,1483,0.32955555555555555,4500,5.0,0.20000024952039153,0.0007538520365321729,51,3.629293851599161,60.666666666666664,1.1722981932446799,3,12492.979288888888,209.18160219401204,0.002060165442399448,4500.0,0.0,0.0,0.32853333333333334,0.0012130972501294007,0.0010708429541879934
5875249,192.168.0.11,192.168.0.12,12330.813111111112,5291.978216487976,7521.308666666667,18000.0,6923.670784307781,14471.27372754703,27888.666666666668,65000,1479,0.32866666666666666,4500,5.0,0.2000003135652311,0.0008301271999522431,49,3.698974280870564,60.666666666666664,1.149792670887085,3,12501.757333333333,199.04844240697133,-0.012979545909924195,4500.0,0.0,0.0,0.32826666666666665,0.0009216196157034004,0.00010036130068244579
5875250,192.168.0.11,192.168.0.12,12298.65111111111,5267.0778094886455,7614.108,18000.0,7049.221767888374,14838.830082458597,27888.666666666668,65000,1482,0.3293333333333333,4500,5.0,0.19999973663150242,0.0006097643308687374,44,3.6201071354370664,60.666666666666664,1.163893610358298,3,12479.288755555555,217.35403124245857,-0.01624491436626747,4500.0,0.0,0.0,0.32857777777777775,0.0009762614505105703,0.0008030515960650423
5875251,192.168.0.11,192.168.0.12,12328.983555555555,5252.094133247353,7632.246666666667,18000.0,7091.579046427833,14933.599195205781,27933.333333333332,65000,1478,0.32844444444444443,4500,5.0,0.19999974893150474,0.0006589570477462983,49,3.59225497451611,61.0,1.1667157918210396,3,12465.232444444444,225.9264646162544,-0.012043407243529753,4500.0,0.0,0.0,0.32862222222222226,0.0009609665915750569,-0.00010035794333120361
5875252,192.168.0.11,192.168.0.12,12496.853555555557,5233.441259485019,7583.003333333333,18000.0,7054.112827886128,14791.54548053424,27888.666666666668,65000,1475,0.3277777777777778,4500,5.0,0.19999948114136842,0.0006410601571653886,47,3.5893776436645686,60.666666666666664,1.1744918657846881,3,12398.100977777778,109.25239069041244,0.0025365411123234147,4500.0,0.0,0.0,0.3287555555555555,0.0007131914015946937,-0.000635579045962428
5875253,192.168.0.11,192.168.0.12,12269.00422222222,5328.306242129871,7465.05,18000.0,7165.399010812808,15154.580233269618,27888.666666666668,65000,1479,0.32866666666666666,4500,5.0,0.20000029665272792,0.0010508582442359912,49,3.540714193587125,60.666666666666664,1.150933637832531,3,12344.861111111111,88.65773786664158,-0.010411783546801579,4500.0,0.0,0.0,0.32857777777777775,0.0005577733510226493,-6.689634411477284e-05
5875254,192.168.0.11,192.168.0.12,12824.267333333335,5233.605769729615,7534.647333333333,18000.0,6787.611346689192,14029.780861679375,27933.333333333332,65000,1474,0.32755555555555554,4500,5.0,0.19999987527161459,0.0008699113168818589,46,3.710809587327416,61.0,1.1779190418999,3,12443.551955555555,230.4204546313731,0.038831331237864364,4500.0,0.0,0.0,0.32835555555555557,0.0007131914015946333,-0.0007694108988726306
5875255,192.168.0.11,192.168.0.12,12423.187555555554,5261.884850864811,7546.288,18000.0,7023.223084317688,14781.103422835464,27888.666666666668,65000,1479,0.32866666666666666,4500,5.0,0.200000074298376,0.0008935460844697211,47,3.6043807965933885,60.666666666666664,1.1709056590826392,3,12468.459244444444,217.19284778612527,-0.0016364108625790434,4500.0,0.0,0.0,0.32822222222222225,0.0005211573066469094,0.0002342077087794314
5875256,192.168.0.11,192.168.0.12,12740.654444444444,5205.620897734479,7590.475333333334,18000.0,6830.149627547819,14169.05776116356,27888.666666666668,65000,1477,0.3282222222222222,4500,5.0,0.2000000405263869,0.0005852716166025908,50,3.695977028186208,60.666666666666664,1.1818220098568126,3,12550.793422222221,228.8193105258386,0.021828949809613602,4500.0,0.0,0.0,0.3281777777777778,0.0005067446333772443,-4.179357211655684e-17
5875257,192.168.0.11,192.168.0.12,12091.542666666666,5322.433639848766,7672.425333333334,18000.0,7306.074785250508,15556.143167301876,27888.666666666668,65000,1491,0.3313333333333333,4500,5.0,0.20000008119061863,0.0004920385896471446,54,3.4968691625426493,60.666666666666664,1.107608169150762,3,12469.731244444443,310.0723590591537,-0.036588457131749644,4500.0,0.0,0.0,0.3288888888888889,0.0014401645996461872,0.002375853299424416
5875258,192.168.0.11,192.168.0.12,12422.792888888891,5273.170672724558,7518.202666666667,18000.0,7230.286262665269,15329.564237545177,27933.333333333332,65000,1485,0.33,4500,5.0,0.19999978005263128,0.00047948826116057724,55,3.4736684729828675,61.0,1.155788760327737,3,12500.488977777777,292.30170730901887,-0.0037638815748244746,4500.0,0.0,0.0,0.32915555555555553,0.001510457374930368,0.000836120401337798
5875259,192.168.0.11,192.168.0.12,12428.53311111111,5279.272700867983,7500.420666666667,18000.0,6976.078757186483,14587.390436312162,27933.333333333332,65000,1481,0.32911111111111113,4500,5.0,0.20000001152595046,0.00046881359858793513,46,3.6480014408347166,61.0,1.1726564969119109,3,12421.342133333334,229.5567798372539,-0.005755783714609791,4500.0,0.0,0.0,0.3294666666666667,0.0012332832822677378,-3.343810606564092e-05
5875260,192.168.0.11,192.168.0.12,12137.271777777778,5343.040820219484,7541.756666666667,18000.0,7115.046726675973,15028.86225569182,27888.666666666668,65000,1477,0.32822222222222225,4500,5.0,0.19999966781511025,0.0006226540490951006,51,3.6017324803965907,60.666666666666664,1.102158259458709,3,12364.158977777779,262.26334837469557,-0.02286769696942246,4500.0,0.0,0.0,0.32937777777777777,0.0013184352865948067,-0.0009360478721625992
5875261,192.168.0.11,192.168.0.12,12080.356,5348.882188694009,7594.46,18000.0,7154.903919783556,15173.92781718045,27888.666666666668,65000,1484,0.3297777777777778,4500,5.0,0.2000004285066319,0.0007710429411426557,50,3.5820252113547797,60.666666666666664,1.1458510558097672,3,12232.09928888889,177.9920940875371,-0.02295182603699797,4500.0,0.0,0.0,0.32968888888888886,0.0011504159204929053,0.00030089264818963785
5875262,192.168.0.11,192.168.0.12,12592.317555555555,5189.238182931729,7653.3206666666665,18000.0,6923.575798201758,14416.945791876635,27933.333333333332,65000,1484,0.3297777777777778,4500,5.0,0.20000009805010455,0.0006032012928974812,44,3.667653937224765,61.0,1.1829352704591976,3,12332.254266666667,215.96914128651733,0.02944619823316932,4500.0,0.0,0.0,0.3293777777777778,0.0007269078770576681,6.684938832811727e-05
5875263,192.168.0.11,192.168.0.12,12121.371111111112,5345.042635333514,7553.937333333333,18000.0,7234.150421500967,15339.03466553086,27888.666666666668,65000,1476,0.328,4500,5.0,0.19999996349232074,0.001075237354070102,46,3.5328053673573057,60.666666666666664,1.1326224729807919,3,12271.96991111111,226.20462280398473,-0.017098743851046143,4500.0,0.0,0.0,0.3289777777777778,0.0008403409067195477,-0.0010364080104309703
5875264,192.168.0.11,192.168.0.12,12021.68911111111,5417.005246491432,7439.174,18000.0,7117.648492281739,15026.7193548677,27888.666666666668,65000,1485,0.33,4500,5.0,0.1999999995970689,0.0007897426076264783,47,3.6184948543298923,60.666666666666664,1.126572449251625,3,12190.601111111111,228.9640586963244,-0.020392847192871506,4500.0,0.0,0.0,0.32915555555555553,0.0009609665915751333,0.0007691793191090746
5875265,192.168.0.11,192.168.0.12,11801.162000000002,5504.676274885119,7484.259333333333,18000.0,7113.283570281105,15068.83124932462,27888.666666666668,65000,1486,0.3302222222222222,4500,5.0,0.19999997727680607,0.0007334304279166393,42,3.65527839673344,60.666666666666664,1.1261293994938444,3,12123.379155555554,289.7943269046367,-0.03194322940538009,4500.0,0.0,0.0,0.32955555555555555,0.000888888888888953,0.0008025145455761338
5875266,192.168.0.11,192.168.0.12,12704.995333333334,5202.862789356004,7599.45,18000.0,6918.88732290686,14446.805980863175,27888.666666666668,65000,1479,0.32866666666666666,4500,5.0,0.20000013834321553,0.0007361577974748171,45,3.632945861243662,60.666666666666664,1.1812807943573371,3,12248.307022222223,385.45899088420975,0.047970800839833135,4500.0,0.0,0.0,0.32933333333333337,0.0009558139185603301,-0.0006685609226140691
5875267,192.168.0.11,192.168.0.12,12165.500457456541,5348.4986560784955,7494.569075937786,18000.0,7036.476315338526,14763.619044183713,27888.666666666668,65000,1080,0.3293687099725526,3279,3.643333333333333,0.19999957725096387,0.0007189514493495325,32,3.6575088762659296,60.666666666666664,1.1153383102896652,3,12162.94360260242,334.06348486925845,-0.006760101989072337,4255.8,546.0478001054487,-0.2712730504332371,0.3292515197722883,0.000925280273242264,2.6612316363497216e-05
5875238,192.168.0.12,192.168.0.11,0.7595204513399154,0.0,0.7595204513399154,0.7595204513399154,0.42737470132932126,0.42737470132932126,1.0,1,31,0.021861777150916785,1418,4.726666666666667,0.19999840432855556,0.0003886514177265805,0,1.7771727521650902,2.0,0.5516320636966499,1,0.7595204513399154,0.0,0.0,1418.0,0.0,0.0,0.021861777150916785,0.0,0.0
5875239,192.168.0.12,192.168.0.11,0.7573333333333333,0.0,0.7573333333333333,0.7573333333333333,0.42869517790098316,0.42869517790098316,1.0,1,32,0.021333333333333333,1500,5.0,0.2000002054630557,0.0004121366727469418,0,1.766596886964213,2.0,0.5541342958215685,1,0.7584268923366244,0.0015465259737094544,-0.0012430193720775287,1459.0,57.982756057296896,0.057787174066243834,0.02159755524212506,0.0003736662068893673,-0.0005171382562686925
5875240,192.168.0.12,192.168.0.11,0.7588274483677548,0.0,0.7588274483677548,0.7588274483677548,0.42779475449266235,0.42779475449266235,1.0,1,32,0.021319120586275817,1501,5.003333333333333,0.19999991130828856,0.00040599822576265,0,1.773807805240317,2.0,0.5524277394632623,1,0.7585604110136678,0.001117744606355722,0.00022779225731594846,1473.0,47.634021455258214,0.028767123287671233,0.021504743690175313,0.00030928169944486857,-0.00027254827933026254
5875241,192.168.0.12,192.168.0.11,0.7513333333333333,0.0,0.7513333333333333,0.7513333333333333,0.4322401595820957,0.4322401595820957,1.0,1,33,0.022,1500,5.0,0.19999987399920055,0.0004157466407102384,0,1.7382271833153184,2.0,0.5608655816569874,1,0.7567536415935843,0.0037270048232804693,-0.004109655622332961,1479.75,41.16936563352254,0.018317503392130258,0.021628557767631482,0.0003536803870440492,0.0004848301614690284
5875242,192.168.0.12,192.168.0.11,0.7538358905937291,0.0,0.7538358905937291,0.7538358905937291,0.4307752785925492,0.4307752785925492,1.0,1,33,0.022014676450967312,1499,4.996666666666667,0.1999996922840582,0.0004150052863120641,0,1.7499475436685934,2.0,0.5580816153948118,1,0.7561700913936132,0.0034814620339733773,-0.0016608765912153698,1483.6,36.67833147786306,0.013000168833361473,0.02170578150429865,0.0003516175332074892,0.00037794429335407493
5875243,192.168.0.12,192.168.0.11,0.758,0.0,0.758,0.758,0.42829429134649927,0.42829429134649927,1.0,1,32,0.021333333333333333,1500,5.0,0.20000020419064166,0.0004213151426933779,0,1.7698069890447692,2.0,0.5533743427353012,1,0.7558660011256302,0.0031679492916761006,0.0010419882535037577,1500.0,0.7071067811881553,0.011046746598410408,0.021600092740781958,0.00037184404770644304,-0.00036453564001267104
5875244,192.168.0.12,192.168.0.11,0.758,0.0,0.758,0.758,0.42829429134649927,0.42829429134649927,1.0,1,32,0.021333333333333333,1500,5.0,0.19999993380266,0.00039297154729936483,0,1.7698069890447692,2.0,0.5533743427353012,1,0.7559993344589635,0.0032578984544367074,0.0012153540606183988,1500.0,0.7071067811881553,0.0,0.021600092740781958,0.00037184404770644304,-0.0002611192083322491
5875245,192.168.0.12,192.168.0.11,0.7566666666666667,0.0,0.7566666666666667,0.7566666666666667,0.4290946541524634,0.4290946541524634,1.0,1,32,0.021333333333333333,1500,5.0,0.20000053024673717,0.0004020505451129142,0,1.7633985787183317,2.0,0.5548918305491645,1,0.7555671781187459,0.0029141430061028198,0.00038002987507328325,1499.8,0.4472135955025032,0.0,0.021602935290193463,0.00036920414836428265,-0.0002611192083322491
5875246,192.168.0.12,192.168.0.11,0.7526666666666667,0.0,0.7526666666666667,0.7526666666666667,0.4314621136966206,0.4314621136966206,1.0,1,33,0.022,1500,5.0,0.1999999266453311,0.0004053022660220326,0,1.7444519421789961,2.0,0.5593865034554169,1,0.7558338447854125,0.0024546327271708778,-0.0016521791294750196,1499.8,0.4472135955025032,0.00013326226012796207,0.021602935290193463,0.00036920414836428265,0.0003886683329602479
5875247,192.168.0.12,192.168.0.11,0.746,0.0,0.746,0.746,0.4352975993501457,0.4352975993501457,1.0,1,32,0.021333333333333333,1500,5.0,0.19999999265180898,0.0004124732075184281,0,1.7137661391828467,2.0,0.5666870772074231,1,0.7542666666666666,0.005112077203381562,-0.0056006693427272025,1500.0,0.0,0.00013326226012796207,0.02146666666666667,0.0002981423969999749,-0.0002639009223123936
5875248,192.168.0.12,192.168.0.11,0.7546666666666667,0.0,0.7546666666666667,0.7546666666666667,0.4302846602993056,0.4302846602993056,1.0,1,33,0.022,1500,5.0,0.19999967057200732,0.00041325925439271167,0,1.7538736153599042,2.0,0.5571499694462829,1,0.7535999999999999,0.004704607670500637,0.00022801550505438187,1500.0,0.0,0.0,0.0216,0.00036514837167011063,0.0005221250489492201
5875249,192.168.0.12,192.168.0.11,0.7573333333333333,0.0,0.7573333333333333,0.7573333333333333,0.42869517790098316,0.42869517790098316,1.0,1,32,0.021333333333333333,1500,5.0,0.2000001540893392,0.00039841648305380146,0,1.766596886964213,2.0,0.5541342958215685,1,0.7534666666666666,0.0045558265502053,0.0021289537712895564,1500.0,0.0,0.0,0.0216,0.00036514837167011063,-0.00026102845210128085
5875250,192.168.0.12,192.168.0.11,0.758,0.0,0.758,0.758,0.4282942913464993,0.4282942913464993,1.0,1,32,0.021333333333333333,1500,5.0,0.20000015281692515,0.00041142301421435523,0,1.769806989044769,2.0,0.5533743427353012,1,0.7537333333333333,0.004821249261803878,0.002585354725876391,1500.0,0.0,0.0,0.021599999999999998,0.00036514837167011063,-0.00026102845210128085
5875251,192.168.0.12,192.168.0.11,0.7573333333333333,0.0,0.7573333333333333,0.7573333333333333,0.42869517790098316,0.42869517790098316,1.0,1,32,0.021333333333333333,1500,5.0,0.1999998865642891,0.0004096885245075781,0,1.766596886964213,2.0,0.5541342958215685,1,0.7546666666666667,0.005011098792790985,0.002052763628069669,1500.0,0.0,0.0,0.02146666666666667,0.0002981423969999749,-0.00026102845210127743
5875252,192.168.0.12,192.168.0.11,0.752,0.0,0.752,0.752,0.43185182644050485,0.43185182644050485,1.0,1,33,0.022,1500,5.0,0.19999987988411544,0.0003967579666578537,0,1.7413339775920187,2.0,0.560127234122942,1,0.7558666666666667,0.002512192490855632,-0.0015197568389057976,1500.0,0.0,0.0,0.021599999999999998,0.00036514837167011063,0.0005221250489492201
5875253,192.168.0.12,192.168.0.11,0.75,0.0,0.75,0.75,0.4330127018922193,0.4330127018922193,1.0,1,33,0.022,1500,5.0,0.2000001060557095,0.00037261365054861925,0,1.732046807578115,2.0,0.5623351444188083,1,0.7549333333333333,0.0036696957185394508,-0.0033411800440428393,1500.0,0.0,0.0,0.0216,0.00036514837167011063,0.0003915426781519196
5875254,192.168.0.12,192.168.0.11,0.7553333333333333,0.0,0.7553333333333333,0.7553333333333333,0.4298893914588831,0.4298893914588831,1.0,1,32,0.021333333333333333,1500,5.0,0.19999948766249032,0.0004007299461347674,0,1.7570370223210194,2.0,0.5563996629031291,1,0.7545333333333334,0.0034448028487370232,0.00022792888618748441,1500.0,0.0,0.0,0.0216,0.00036514837167011063,-0.00026102845210128085
5875255,192.168.0.12,192.168.0.11,0.758,0.0,0.758,0.758,0.42829429134649927,0.42829429134649927,1.0,1,32,0.021333333333333333,1500,5.0,0.19999979988108324,0.0003931566539842798,0,1.7698069890447692,2.0,0.5533743427353012,1,0.7545333333333334,0.0034448028487370232,0.0019758340299414574,1500.0,0.0,0.0,0.0216,0.00036514837167011063,-0.00026102845210128085
5875256,192.168.0.12,192.168.0.11,0.7553333333333333,0.0,0.7553333333333333,0.7553333333333333,0.4298893914588832,0.4298893914588832,1.0,1,32,0.021333333333333333,1500,5.0,0.19999955366896818,0.00042174110301911277,0,1.757037022321019,2.0,0.5563996629031291,1,0.7541333333333333,0.0031411250638372482,0.00045596169921721555,1500.0,0.0,0.0,0.021599999999999998,0.00036514837167011063,-0.00026102845210128085
5875257,192.168.0.12,192.168.0.11,0.7586666666666667,0.0,0.7586666666666667,0.7586666666666667,0.4278919905251273,0.4278919905251273,1.0,1,33,0.022,1500,5.0,0.199999617130618,0.0004124860809580797,0,1.773028966274023,2.0,0.5526119667610271,1,0.7554666666666666,0.003412395704551994,0.0025843721495895726,1500.0,0.0,0.0,0.0216,0.00036514837167011063,0.0003915426781519196
5875258,192.168.0.12,192.168.0.11,0.7466666666666667,0.0,0.7466666666666667,0.7466666666666667,0.434920171474669,0.434920171474669,1.0,1,32,0.021333333333333333,1500,5.0,0.20000029946264225,0.0004222419618504904,0,1.7167862031985597,2.0,0.565967642865234,1,0.7548,0.004793514136599341,-0.005012912046179508,1500.0,0.0,0.0,0.021466666666666665,0.0002981423969999749,-0.00026102845210128085
5875259,192.168.0.12,192.168.0.11,0.754,0.0,0.754,0.754,0.4306785344082057,0.4306785344082057,1.0,1,33,0.022,1500,5.0,0.19999987606687336,0.00041291505120767344,0,1.7507216845956406,2.0,0.557897875464777,1,0.7545333333333334,0.004793514136599325,-0.0004558924093913967,1500.0,0.0,0.0,0.0216,0.00036514837167011063,0.0005221250489492235
5875260,192.168.0.12,192.168.0.11,0.7566666666666667,0.0,0.7566666666666667,0.7566666666666667,0.4290946541524634,0.4290946541524634,1.0,1,32,0.021333333333333333,1500,5.0,0.2000003621290333,0.0004217377719822762,0,1.7633985787183317,2.0,0.5548918305491645,1,0.7542666666666666,0.004584999697079806,0.001215897864579368,1500.0,0.0,0.0,0.0216,0.00036514837167011063,-0.00026102845210128085
5875261,192.168.0.12,192.168.0.11,0.7606666666666667,0.0,0.7606666666666667,0.7606666666666667,0.42667656238524376,0.42667656238524376,1.0,1,32,0.021333333333333333,1500,5.0,0.199999677888388,0.0003900778308133059,0,1.782766973764294,2.0,0.5503102557836878,1,0.7553333333333334,0.005436502143433439,0.0036482480808695404,1500.0,0.0,0.0,0.0216,0.00036514837167011063,-0.00026102845210128085
5875262,192.168.0.12,192.168.0.11,0.7566666666666667,0.0,0.7566666666666667,0.7566666666666667,0.4290946541524634,0.4290946541524634,1.0,1,32,0.021333333333333333,1500,5.0,0.19999965498493544,0.00040656090684530163,0,1.7633985787183317,2.0,0.5548918305491645,1,0.7549333333333335,0.005198290317231489,0.0007595898214963715,1500.0,0.0,0.0,0.02146666666666667,0.0002981423969999749,-0.00026102845210128085
5875263,192.168.0.12,192.168.0.11,0.75,0.0,0.75,0.75,0.4330127018922193,0.4330127018922193,1.0,1,33,0.022,1500,5.0,0.19999978858840872,0.00038378759343982887,0,1.732046807578115,2.0,0.5623351444188083,1,0.7556,0.003932768321000877,-0.0028111229296460204,1500.0,0.0,0.0,0.0216,0.00036514837167011063,0.0005221250489492201
5875264,192.168.0.12,192.168.0.11,0.754,0.0,0.754,0.754,0.4306785344082057,0.4306785344082057,1.0,1,33,0.022,1500,5.0,0.2000002134156434,0.00039143093620570217,0,1.7507216845956406,2.0,0.557897875464777,1,0.7556,0.003932768321000877,-0.0009113693324219901,1500.0,0.0,0.0,0.021599999999999998,0.00036514837167011063,0.0003915426781519162
5875265,192.168.0.12,192.168.0.11,0.7593333333333333,0.0,0.7593333333333333,0.7593333333333333,0.4274882714440505,0.4274882714440505,1.0,1,32,0.021333333333333333,1500,5.0,0.20000013277640416,0.00040100434475437934,0,1.776262900746772,2.0,0.5518471633406278,1,0.7561333333333333,0.00427914840956853,0.0021265284423178715,1500.0,0.0,0.0,0.0216,0.00036514837167011063,-0.00026102845210127743
5875266,192.168.0.12,192.168.0.11,0.7573333333333333,0.0,0.7573333333333333,0.7573333333333333,0.42869517790098316,0.42869517790098316,1.0,1,32,0.021333333333333333,1500,5.0,0.19999996195482048,0.00042484805278968367,0,1.766596886964213,2.0,0.5541342958215685,1,0.7554666666666667,0.0036024682896284932,0.0006833194138637797,1500.0,0.0,0.0,0.0216,0.00036514837167011063,-0.00026102845210128085
5875267,192.168.0.12,192.168.0.11,0.7520585544373285,0.0,0.7520585544373285,0.7520585544373285,0.43181765264398847,0.43181765264398847,1.0,1,24,0.021957913998170174,1093,3.6433333333333335,0.20000013086822008,0.0003967672780370913,0,1.741607385027346,2.0,0.560062270049202,1,0.754545044220799,0.0038026109587769156,-0.0019414280510433506,1418.6,182.01593336848285,-0.27115256495669554,0.02172491613296737,0.00035787723136949067,0.0003503465134790259
5875238,192.168.0.21,192.168.0.11,18637.092093639574,16225.316375586995,0.7614840989399293,42723.8480565371,3465.1945873018767,18496.285584848574,10675.5,65403,553,0.12212897526501766,4528,1.8866666666666667,0.49999589229052044,0.0005223882476911786,0,2.3028325259599938,51.625,0.46174670418776503,8,18637.092093639574,0.0,0.0,4528.0,0.0,0.0,0.12212897526501766,0.0,0.0
5875239,192.168.0.21,192.168.0.11,18236.470208333332,15852.912243899082,0.7566666666666667,40377.005,3681.6834872109844,20413.020744000016,10679.625,65436,571,0.11895833333333333,4800,2.0,0.4999997757611569,0.0004658858573899548,0,1.9732505787937447,56.75,0.4570385895641773,8,18436.781150986455,283.28245179178424,-0.021494790523272387,4664.0,192.33304448274092,0.06005740781629499,0.12054365429917549,0.002241982410608398,-0.002825559273108963
5875240,192.168.0.21,192.168.0.11,18702.636458333334,16702.641543157333,0.7583333333333333,44306.333333333336,3246.955770814404,17004.34293699374,10679.625,65436,575,0.11979166666666667,4800,2.0,0.500000767596377,0.0004518484780010465,0,2.6038250048700373,56.375,0.45406884931635894,8,18525.399586768748,252.35719769422764,0.014419051032757027,4709.333333333333,157.03927321957826,0.02915326902465166,0.12029299175500589,0.0016436963520941024,-0.0006710917773026311
5875241,192.168.0.21,192.168.0.11,18527.617708333335,16421.171042017028,0.7533333333333333,42972.855,3160.869610213978,16276.122201883396,10675.5,65403,574,0.11958333333333333,4800,2.0,0.5000014952904792,0.0005455124830136704,0,2.636368446066245,56.5,0.4547818735143253,8,18525.954117159894,206.05177383659625,0.00011972761108807428,4732.0,136.00000000000006,0.019248460830797603,0.12011557714958775,0.0013881866712085228,-0.000633457878336664
5875242,192.168.0.21,192.168.0.11,18342.893333333333,16107.287099140181,0.7516666666666667,41478.395,3174.3240859629977,16393.508508928415,10683.875,65470,573,0.119375,4800,2.0,0.5000008895421069,0.0004880546723731576,0,2.5263289414171197,52.375,0.4584364681906495,8,18489.34196039458,196.32944313307857,-0.009880781410097376,4745.6,121.64209797598859,0.01436720895837735,0.11996746171967021,0.0012469914107519158,-0.0006611613700367721
5875243,192.168.0.21,192.168.0.11,18528.527916666666,15973.148850843374,0.7583333333333333,41646.79833333333,3216.143257181776,16469.610197097274,10671.25,65369,590,0.12291666666666667,4800,2.0,0.500001109253385,0.0005301238131302344,0,2.526884233006395,55.625,0.4644679225144076,8,18467.629125,181.33477476373798,0.002119266174526141,4800.0,0.0,0.011460835124088744,0.120125,0.0015907174307350914,0.0026332952052625395
5875244,192.168.0.21,192.168.0.11,18848.028541666667,16483.645524332558,0.7566666666666667,44102.805,3249.684101556491,16729.57310663689,10671.25,65369,592,0.12333333333333334,4800,2.0,0.5000001328417375,0.0005225855115227343,0,2.6344249620978784,55.125,0.4618088609023701,8,18589.940791666664,192.35238144250135,0.020597057534267157,4800.0,0.0,0.0,0.121,0.0019510057947405314,0.0028642636610497407
5875245,192.168.0.21,192.168.0.11,18181.403333333332,15645.129794217366,0.7566666666666667,39569.80333333334,3706.2669016955506,20506.78889062487,10675.5,65403,583,0.12145833333333333,4800,2.0,0.5000004873351382,0.00047907443932876647,0,1.9232559296224507,55.875,0.46079362086194614,8,18485.694166666664,248.9294589050132,-0.021975082536783618,4800.0,0.0,0.0,0.12133333333333333,0.001831675386694447,0.00040886113589057836
5875246,192.168.0.21,192.168.0.11,18760.841666666667,16832.094209077877,0.7533333333333333,44855.31333333333,3253.0547021058273,17019.796394742472,10675.5,65403,573,0.119375,4800,2.0,0.4999996938669622,0.0005571422233430987,0,2.631777272290883,54.125,0.45434853741463577,8,18532.338958333334,278.80700426334784,0.01488354259119626,4800.0,0.0,0.0,0.12129166666666666,0.0018830844230794518,-0.0017464328180737275
5875247,192.168.0.21,192.168.0.11,18591.429375,16551.716894936373,0.7466666666666667,43550.02166666667,3143.4051302045773,16113.855907919655,10683.875,65470,570,0.11875,4800,2.0,0.5000016681837518,0.0005199498650753638,0,2.6987346735919915,52.25,0.4568116350702851,8,18582.046166666663,257.9638454386306,0.0031883308668509817,4800.0,0.0,0.0,0.12116666666666667,0.002055015882609621,-0.002266731076511462
5875248,192.168.0.21,192.168.0.11,18425.50729166667,16238.94294497492,0.755,42122.636666666665,3127.517682996965,16028.8974156466,10683.875,65470,576,0.12,4800,2.0,0.5000015824087872,0.000537370921034371,0,2.6239881367626814,56.375,0.45410062418579394,8,18561.442041666665,267.2540685761709,-0.008423746763368985,4800.0,0.0,0.0,0.12058333333333333,0.001836408405919913,-0.0010405827263267522
5875249,192.168.0.21,192.168.0.11,18494.78625,16027.85902897672,0.7566666666666667,41710.2,3169.753205206548,16128.392328024102,10667.125,65336,591,0.123125,4800,2.0,0.4999999043738504,0.0004428898624430919,0,2.573920521842358,57.625,0.4636105613075948,8,18490.793583333336,213.92410917083535,-0.0035908956115280337,4800.0,0.0,0.0,0.12054166666666666,0.0017591526527153704,0.0022681639027292313
5875250,192.168.0.21,192.168.0.11,18912.002291666668,16573.349372144698,0.7583333333333333,44547.926666666666,3178.1467541530174,16152.820874838617,10675.5,65403,596,0.12416666666666666,4800,2.0,0.5000003561352648,0.00046922519904171815,0,2.749855706820038,57.125,0.4595937289646503,8,18636.913375,198.74203099455661,0.022778142446548147,4800.0,0.0,0.0,0.12108333333333332,0.002408931586593708,0.003235042576135057
5875251,192.168.0.21,192.168.0.11,18104.906666666666,15467.060936217364,0.7583333333333333,38774.495,3757.153050071683,20860.18410696899,10663.0,65303,584,0.12166666666666667,4800,2.0,0.5000000762223004,0.00045368982355939,0,1.8573419486359597,56.375,0.4602512783130699,8,18505.726375,291.38306013159655,-0.028544327770454306,4800.0,0.0,0.0,0.12154166666666666,0.002212653007891963,0.0005203300379097768
5875252,192.168.0.21,192.168.0.11,18763.280833333334,16842.305072465493,0.7516666666666667,44891.495,3332.5872062802996,17662.31649708804,10683.75,65469,573,0.119375,4800,2.0,0.500002412097482,0.0004803469446367859,0,2.5399553339934937,55.125,0.4539677322465231,8,18540.096666666668,313.3285260627948,0.013916802632434003,4800.0,0.0,0.0,0.12166666666666666,0.0020252314682524617,-0.0019318646208715657
5875253,192.168.0.21,192.168.0.11,18587.01104166667,16528.555038940965,0.75,43464.67166666667,3199.7438532037518,16593.307661841583,10675.5,65403,572,0.11916666666666666,4800,2.0,0.499998267733792,0.00045465121885715623,0,2.617601779537458,56.625,0.45451195812232376,8,18572.397416666667,306.8194104211274,0.002530291268279903,4800.0,0.0,0.0,0.12149999999999998,0.00222146254376106,-0.0022288261515601804
5875254,192.168.0.21,192.168.0.11,18407.935833333333,16214.747111582354,0.755,41998.73166666667,3173.3177929679705,16385.460123932964,10675.5,65403,574,0.11958333333333333,4800,2.0,0.5000005293768117,0.00048594621169508254,0,2.561339830964214,59.25,0.454793682940973,8,18555.027333333335,314.6697167947621,-0.00885468499078987,4800.0,0.0,0.0,0.12079166666666667,0.0021368135674930118,-0.0017090206568583593
5875255,192.168.0.21,192.168.0.11,18394.295416666668,15941.11851643714,0.76,41139.60333333333,3218.899788838285,16577.780993626846,10662.875,65302,585,0.121875,4800,2.0,0.5000019718788701,0.0005444821506472063,0,2.4757597742807658,56.0,0.46301355245217707,8,18451.485958333335,245.39135536148063,-0.008661978869686988,4800.0,0.0,0.0,0.12033333333333333,0.001322547520675314,0.0009665786832224173
5875256,192.168.0.21,192.168.0.11,18723.553541666668,16278.876643493448,0.7533333333333333,43140.34166666667,3198.53038577955,16311.581574500897,10683.875,65470,589,0.12270833333333334,4800,2.0,0.49999984163473765,0.0005045141094698169,0,2.6409052652114666,54.25,0.4631953671884602,8,18575.215333333334,171.92036124598684,0.01474422383778945,4800.0,0.0,0.0,0.12054166666666666,0.0016311315942552772,0.0021199047902410013
5875257,192.168.0.21,192.168.0.11,18529.634375,15997.134209971697,0.76,41722.315,3576.529748799268,19359.40354424971,10683.875,65470,596,0.12416666666666666,4800,2.0,0.500001647536066,0.0004576032124020801,0,2.151890418660243,57.25,0.46252202950788557,8,18528.48604166667,136.03060355834748,-0.0024537268499219642,4800.0,0.0,0.0,0.12149999999999998,0.0021112710100263774,0.003235042576135057
5875258,192.168.0.21,192.168.0.11,18493.407291666666,16384.267280311877,0.7466666666666667,42765.845,3511.4704215246434,19058.37823848018,10679.625,65436,570,0.11875,4800,2.0,0.5000002813558149,0.0005043900000710295,0,2.2388497312751308,55.75,0.45782025317895036,8,18509.765291666667,132.3539866150074,-0.0018931313000869934,4800.0,0.0,0.0,0.12141666666666666,0.00223121012258172,-0.002452073116362005
5875259,192.168.0.21,192.168.0.11,18669.041666666668,16660.226056835134,0.755,44087.57833333333,3178.153435301324,16440.176891805753,10683.75,65469,576,0.12,4800,2.0,0.500001518425838,0.00047472235702983594,0,2.6798725233067895,55.875,0.4535245841566138,8,18561.986458333333,133.63643300021695,0.008604526743781126,4800.0,0.0,0.0,0.12150000000000001,0.0021519935847694603,-0.0012632830497139006
5875260,192.168.0.21,192.168.0.11,18499.209375,16363.350615030595,0.7566666666666667,42712.25166666666,3117.8798881189905,15967.914969974338,10683.875,65470,574,0.11958333333333333,4800,2.0,0.499997985930196,0.0004799059029299597,0,2.670934291934313,55.875,0.45317145762494276,8,18582.969250000002,106.12972475471011,-0.0033818417889946955,4800.0,0.0,0.0,0.12104166666666667,0.002291666666666667,-0.001709020656858384
5875261,192.168.0.21,192.168.0.11,18369.279583333333,16029.769513980971,0.76,41322.81,3164.8288521850263,16272.430232059172,10675.5,65403,574,0.11958333333333333,4800,2.0,0.49999954047704576,0.0004719024740366154,0,2.5314479404749526,55.875,0.4595650772235143,8,18512.114458333333,107.06469652982796,-0.011498602036627288,4800.0,0.0,0.0,0.12041666666666666,0.00214492294603895,-0.0013008734435978496
5875262,192.168.0.21,192.168.0.11,18626.446458333336,16113.897594174661,0.7566666666666667,42363.48166666667,3173.188093882518,16108.845215688096,10675.5,65403,588,0.1225,4800,2.0,0.5000017990353509,0.00045978005857994555,0,2.6279650153203367,57.5,0.46218776329292005,8,18531.476875,119.10262362792787,0.006175730196954394,4800.0,0.0,0.0,0.12008333333333332,0.0014252192813739072,0.0018594272963927169
5875263,192.168.0.21,192.168.0.11,18873.79125,16560.65396547642,0.7516666666666667,44408.91166666667,3304.437366301772,17108.82260142986,10683.875,65470,594,0.12375,4800,2.0,0.4999994721655456,0.00047163277899026995,0,2.5919908515720125,55.5,0.4637738435189712,8,18607.553666666667,189.42886978047164,0.018471053670207162,4800.0,0.0,0.0,0.12108333333333335,0.001922996793202393,0.00327356595491408
5875264,192.168.0.21,192.168.0.11,18230.617291666666,15831.285664673904,0.7533333333333333,40296.85166666667,3660.450067286379,20202.246323936288,10683.875,65470,576,0.12,4800,2.0,0.4999996883940816,0.00047290772184104115,0,1.9915533658751958,51.625,0.4596636082062352,8,18519.868791666664,246.67299049578412,-0.020256081249087288,4800.0,0.0,0.0,0.12108333333333335,0.001922996793202393,-0.000966327213261
5875265,192.168.0.21,192.168.0.11,18728.847083333334,16748.660447216294,0.76,44516.01666666667,3204.354159174576,16663.531054063005,10667.125,65336,576,0.12,4800,2.0,0.499999228075072,0.0004258535989312892,0,2.6696632616260616,56.875,0.45172995951565553,8,18565.796333333335,262.72070551906046,0.011283395720653143,4800.0,0.0,0.0,0.12116666666666667,0.0018493617517643536,-0.000966327213261
5875266,192.168.0.21,192.168.0.11,18616.212708333333,16581.40256264003,0.7566666666666667,43698.278333333335,3085.0309896969825,15740.589578989639,10675.375,65402,578,0.12041666666666667,4800,2.0,0.5000008931243559,0.00045512015186527534,0,2.769990165346909,52.75,0.44796581785230666,8,18615.182958333335,238.65061314967352,0.0027154051832562814,4800.0,0.0,0.0,0.12133333333333333,0.0017027347284752237,-0.0006689460383529068
5875267,192.168.0.21,192.168.0.11,18572.450785241843,16097.096974692322,0.7528604118993135,42157.07780320366,3551.301989132966,19113.280593997588,10675.375,65402,429,0.12271036435639425,3498,1.4575,0.4999993019253488,0.0004617146820732085,0,2.2005682171699927,44.125,0.4603595458889772,8,18604.383823715034,239.234469856044,-0.0022954315171447785,4539.6,582.2721013409454,-0.2711935013538846,0.12137540620461218,0.0017409390366333352,0.0012280300443468328
5875238,192.168.0.21,192.168.0.12,13786.572791519435,10755.45881621116,2102.4734982332157,30000.0,4916.228966787664,14199.661147742552,18760.0,65000,615,0.21731448763250882,2830,1.8866666666666667,0.49999483969359276,0.000559917482967824,20,3.7794621089840077,36.2,0.8014355727567158,5,13786.572791519435,0.0,0.0,2830.0,0.0,0.0,0.21731448763250882,0.0,0.0
5875239,192.168.0.21,192.168.0.12,13898.505666666668,10707.868238016716,2133.3333333333335,30000.0,4968.651034212123,14427.613806734178,18733.2,65000,653,0.21766666666666667,3000,2.0,0.4999997135792829,0.0004899623161674547,15,3.6911523076291366,35.8,0.8104682625903747,5,13842.53922909305,79.14849505431631,0.00811838869971962,2915.0,120.20815280171308,0.06004945249028612,0.21749057714958775,0.0002490281832447454,0.0002893081761006441
5875240,192.168.0.21,192.168.0.12,13888.080666666667,10694.336035412078,2166.6666666666665,30000.0,4979.779177324492,14427.014054622205,18760.0,65000,654,0.21800000000000003,3000,2.0,0.500000801707349,0.0004617702642267079,21,3.703807301634702,35.4,0.7952076740727266,5,13857.719708284256,61.83512739620929,0.0032897250349035174,2943.3333333333335,98.14954576223634,0.02914951989026063,0.21766038476639182,0.0003427993555990786,0.00041842036396285564
5875241,192.168.0.21,192.168.0.12,13711.960000000001,10747.048945210754,2250.0,30000.0,5146.484553430057,15208.272148356922,18733.2,65000,657,0.219,3000,2.0,0.5000015338394598,0.0005705897991146289,20,3.563991105259028,36.8,0.7844809790224792,5,13821.279781213192,88.65962136084306,-0.010517545007936401,2957.5,84.99999999999996,0.01924600928336913,0.2179952885747939,0.0007259360685773344,0.0011001550599555572
5875242,192.168.0.21,192.168.0.12,13820.761999999999,10721.154174517573,2216.6666666666665,30000.0,5108.864713362524,15046.22813228913,18733.2,65000,657,0.219,3000,2.0,0.5000009706302955,0.0005317242034723398,17,3.563129987910602,36.6,0.8014606114182034,5,13821.176224970553,76.78183355692276,-3.745989962502816e-05,2966.0,76.02631123499282,0.014365387865472368,0.21819623085983508,0.0007727395365413087,0.0008248894183997618
5875243,192.168.0.21,192.168.0.12,14003.569666666666,10687.90396291218,2150.0,30000.0,4990.301920770625,14532.057772469803,18733.2,65000,652,0.21733333333333332,3000,2.0,0.5000010204633607,0.0005682278015560581,20,3.6247282264570098,35.6,0.8137031628077118,5,13864.5756,107.51074488146115,0.013195710916100799,3000.0,0.0,0.011459386585776879,0.2182,0.0007673909622147492,-0.0007083403351960006
5875244,192.168.0.21,192.168.0.12,13777.168333333331,10744.694415839356,2133.3333333333335,30000.0,5090.70940682804,15059.912557066487,18733.2,65000,654,0.21800000000000003,3000,2.0,0.500000245105444,0.0005451973610436193,20,3.5741013187027364,36.8,0.7822448375168073,5,13840.308133333334,111.55544833166044,-0.006303904662037173,3000.0,0.0,0.0,0.2182666666666667,0.0007226494462892848,-0.00016417665407977177
5875245,192.168.0.21,192.168.0.12,13898.299666666668,10721.003460184047,2100.0,30000.0,5124.469002974815,15229.148500454281,18733.2,65000,653,0.21766666666666667,3000,2.0,0.5000007475755848,0.0004956060039489415,21,3.4910378166091416,35.6,0.8010843543751299,5,13842.351933333333,112.73685024757644,0.004189743684245831,3000.0,0.0,0.0,0.21820000000000003,0.0007673909622147492,-0.0004925030097406292
5875246,192.168.0.21,192.168.0.12,13875.371333333333,10700.059817896035,2183.3333333333335,30000.0,5053.066248562403,14750.158500246702,18733.2,65000,656,0.21866666666666665,3000,2.0,0.4999998367290465,0.0005850985217701223,19,3.6236736029299186,36.2,0.8083644368671037,5,13875.0342,86.0028507384766,0.002385217117863773,3000.0,0.0,0.0,0.21813333333333335,0.0006912147117775819,0.0003830788595194675
5875247,192.168.0.21,192.168.0.12,14170.668,10642.781736194516,2233.3333333333335,30000.0,5026.333527256811,14602.778443789388,18733.2,65000,653,0.21766666666666667,3000,2.0,0.5000017462270288,0.0005383511844107475,22,3.55432633565157,36.0,0.8182101181045937,5,13945.015399999998,149.6270292953278,0.021305352504824442,3000.0,0.0,0.0,0.21786666666666665,0.0005055250296034136,-0.0003830998248686549
5875248,192.168.0.21,192.168.0.12,13916.483000000002,10720.901276912336,2116.6666666666665,30000.0,4973.876456720869,14451.653541001995,18733.2,65000,653,0.21766666666666667,3000,2.0,0.5000014580549899,0.0005655532838323958,19,3.668351618905655,36.2,0.8044520450403173,5,13927.598066666667,146.13492890617044,-0.002045917717830458,3000.0,0.0,0.0,0.2179333333333333,0.0004346134936801475,-0.00016422158966496986
5875249,192.168.0.21,192.168.0.12,13757.494333333332,10766.978743482547,2083.3333333333335,30000.0,4876.818919892647,14025.340822915263,18733.2,65000,652,0.21733333333333332,3000,2.0,0.499999940853087,0.00047245932026124,24,3.8362789664443935,35.0,0.7895986908709866,5,13923.663266666666,151.36911173819928,-0.012212552370250403,3000.0,0.0,0.0,0.2178,0.0005055250296034095,-0.0004926378017406449
5875250,192.168.0.21,192.168.0.12,13841.520333333334,10735.820779578704,2100.0,30000.0,5137.804877361164,15323.99588140552,18733.2,65000,660,0.22000000000000003,3000,2.0,0.5000003809920933,0.0004971498382183087,22,3.48766734278255,36.4,0.8038298700143278,5,13912.3074,155.81222890592915,-0.005899096571331041,3000.0,0.0,0.0,0.21826666666666666,0.0010903618155864118,0.00180653637707344
5875251,192.168.0.21,192.168.0.12,13826.726666666666,10730.688083245692,2133.3333333333335,30000.0,5109.373129748839,15125.8120579565,18760.0,65000,655,0.21833333333333332,3000,2.0,0.49999988091011877,0.0004733241269931467,21,3.5418246058142038,36.2,0.803372602937019,5,13902.578466666668,160.15331005366323,-0.006150998527735694,3000.0,0.0,0.0,0.2182,0.001069787102392086,5.47225566378401e-05
5875252,192.168.0.21,192.168.0.12,13955.227333333334,10678.663827686287,2200.0,30000.0,5092.086572175834,14938.14219580943,18733.2,65000,654,0.21800000000000003,3000,2.0,0.5000028499577798,0.0005133195450683417,22,3.550718197384822,36.6,0.8103110085073537,5,13859.490333333331,77.80311689165109,0.003786713384103971,3000.0,0.0,0.0,0.21826666666666666,0.0010381607668265,-0.00016417665407977177
5875253,192.168.0.21,192.168.0.12,13812.138333333332,10737.275882616828,2183.3333333333335,30000.0,5148.051876386176,15273.801324830698,18733.2,65000,654,0.21800000000000003,3000,2.0,0.49999821198006505,0.00048238203958796307,18,3.5060270104100986,35.6,0.7961532282259327,5,13838.6214,72.50825116855695,-0.003416329354966708,3000.0,0.0,0.0,0.21833333333333335,0.0010000000000000037,-0.0002188902265513604
5875254,192.168.0.21,192.168.0.12,14151.055333333334,10657.632780579685,2183.3333333333335,30000.0,4919.055473391678,14135.167198702988,18760.0,65000,654,0.21800000000000003,3000,2.0,0.5000005876480638,0.0005009291521576797,22,3.675529686536594,36.2,0.8099667629614637,5,13917.333599999998,142.37722391422903,0.022575323724775716,3000.0,0.0,0.0,0.21846666666666667,0.0008692269873603526,-0.00027359781121750294
5875255,192.168.0.21,192.168.0.12,13856.120666666666,10732.42739297758,2100.0,30000.0,4992.659109563682,14599.84372031427,18733.2,65000,653,0.21766666666666667,3000,2.0,0.5000018998657125,0.0005609994442406594,13,3.65533501718852,36.4,0.8039224730599109,5,13920.253666666666,140.5718974546489,-0.004398007339997393,3000.0,0.0,0.0,0.21800000000000003,0.00023570226039545123,-0.0006565628932538124
5875256,192.168.0.21,192.168.0.12,14061.674333333334,10672.750318819444,2150.0,30000.0,4921.871196085149,14181.212272261258,18733.2,65000,652,0.21733333333333332,3000,2.0,0.4999994959377486,0.0005251048880749162,22,3.6966289616045875,36.6,0.8109890635715431,5,13967.2432,140.7606633909345,0.010158615743443367,3000.0,0.0,0.0,0.21780000000000005,0.0002981423969999297,-0.0005473453749316127
5875257,192.168.0.21,192.168.0.12,13696.968333333334,10758.53779292069,2166.6666666666665,30000.0,5209.11883388792,15570.327475188898,18733.2,65000,656,0.2186666666666667,3000,2.0,0.500001877496557,0.0004860997518463824,21,3.489527976622383,35.8,0.7695881148669997,5,13915.5914,186.2920004433602,-0.019349238325594632,3000.0,0.0,0.0,0.21793333333333337,0.0004944132324730292,0.000711665845513758
5875258,192.168.0.21,192.168.0.12,13871.446,10704.697143179821,2250.0,30000.0,5132.9454348755735,15145.151833897942,18760.0,65000,655,0.21833333333333332,3000,2.0,0.5000002801318797,0.000517442838736136,23,3.522170917456028,36.4,0.7998045753881671,5,13927.452933333334,179.83439408945742,-0.0031721417070561856,3000.0,0.0,0.0,0.21800000000000003,0.0005270462766947128,0.00032842520116039956
5875259,192.168.0.21,192.168.0.12,13926.878,10707.958362097792,2166.6666666666665,30000.0,5057.697398620766,14840.897524820466,18760.0,65000,654,0.21800000000000003,3000,2.0,0.5000017101657211,0.0005041438985505962,20,3.571437188425913,36.6,0.8095802774748287,5,13882.617466666667,131.63665816991983,-4.1277616120409125e-05,3000.0,0.0,0.0,0.21800000000000003,0.0005270462766947128,0.0
5875260,192.168.0.21,192.168.0.12,13701.828,10773.840964585781,2116.6666666666665,30000.0,5068.337874260443,14934.592275022293,18733.2,65000,651,0.217,3000,2.0,0.49999742579579554,0.0005054254987947038,21,3.6267112173054468,36.2,0.7647513642813264,5,13851.758933333334,155.34988296304945,-0.013021783919120974,3000.0,0.0,0.0,0.21786666666666665,0.0006912147117775758,-0.0008210180623973962
5875261,192.168.0.21,192.168.0.12,13713.056333333332,10772.02614830451,2116.6666666666665,30000.0,5185.583286949065,15569.785975984241,18733.2,65000,655,0.21833333333333335,3000,2.0,0.4999997375405491,0.0005006919586581016,26,3.4735925987216976,36.6,0.7907692779333001,5,13782.035333333333,108.85928836269724,-0.010012633632586206,3000.0,0.0,0.0,0.2180666666666667,0.0006411794687223685,0.0003831837092183314
5875262,192.168.0.21,192.168.0.12,13988.502666666667,10687.017971717523,2116.6666666666665,30000.0,5004.377763868107,14585.03363816789,18760.0,65000,653,0.21766666666666667,3000,2.0,0.5000021171092192,0.00048546036645888077,20,3.6219082273126086,36.8,0.8126195704722197,5,13840.3422,128.25296331244044,0.014979816008597668,3000.0,0.0,0.0,0.21786666666666665,0.0005577733510226884,-0.0003283892507252023
5875263,192.168.0.21,192.168.0.12,13743.028666666669,10748.774600250848,2183.3333333333335,30000.0,5239.799618924328,15710.709211518391,18733.2,65000,653,0.21766666666666667,3000,2.0,0.4999992052979382,0.0004895919215233607,23,3.437111968417031,35.2,0.7821133548685274,5,13814.658733333334,133.22871827141526,-0.007030642832696548,3000.0,0.0,0.0,0.21773333333333333,0.000494413232473012,-0.00016422158966496986
5875264,192.168.0.21,192.168.0.12,13638.562333333331,10798.336332886063,2150.0,30000.0,5101.601455856662,15075.514570829377,18733.2,65000,656,0.21866666666666665,3000,2.0,0.5000000597041516,0.0004958438174659902,18,3.607556682341076,36.2,0.7782970567995715,5,13756.9956,134.8991836906749,-0.012746145761050875,3000.0,0.0,0.0,0.2178666666666667,0.0006497862896538933,0.0007664513303405074
5875265,192.168.0.21,192.168.0.12,13565.586,10826.661193686117,2133.3333333333335,30000.0,5187.594818356686,15574.768517059894,18733.2,65000,654,0.21799999999999997,3000,2.0,0.4999989779445285,0.0004437952722442252,21,3.515801851982904,35.6,0.7780656428092669,5,13729.747200000002,160.21310293733848,-0.01391260802554704,3000.0,0.0,0.0,0.2180666666666667,0.0004346134936801127,0.000109481059776601
5875266,192.168.0.21,192.168.0.12,14038.544666666665,10671.089933201032,2133.3333333333335,30000.0,4937.967042341765,14269.269248744153,18733.2,65000,652,0.21733333333333332,3000,2.0,0.5000009750882055,0.00048774597061942564,19,3.6868732200571475,36.0,0.812594788611148,5,13794.844866666666,210.09623555271446,0.022489487437847754,3000.0,0.0,0.0,0.21786666666666665,0.0005055250296033915,-0.0006020469596628785
5875267,192.168.0.21,192.168.0.12,13768.25995423341,10736.365220233369,2219.679633867277,30000.0,5072.666484402453,14855.105187434683,18733.2,65000,476,0.21784897025171626,2185,1.4566666666666668,0.49999851568029563,0.0004875636716771186,13,3.626595964654305,33.2,0.7762988604545712,5,13750.796324180013,180.3217654402382,-0.0019270231501000968,2837.0,364.47908033246574,-0.2715761412862379,0.2179031273836766,0.000493935336329501,-1.453066697262242e-05
